,0,1
0,RT,59
1,bir,28
2,amk,23
3,ya,20
4,kadar,20
5,ben,19
6,bu,18
7,de,18
8,orospu,16
9,ne,16
10,Ã§ok,15
11,diye,14
12,iÃ§in,14
13,da,13
14,gibi,13
15,ÅŸey,12
16,o,11
17,ve,10
18,Ben,10
19,sen,10
20,mi,9
21,Ulan,9
22,mutlu,9
23,var,9
24,beni,9
25,Ya,9
26,nrsnyldrm,9
27,benim,8
28,bana,8
29,deÄŸil,8
30,yok,8
31,her,7
32,Ã§ocuÄŸu,7
33,arkadaÅŸlar,7
34,bÃ¶yle,7
35,kanka,6
36,nasÄ±l,6
37,Ã§ocuklarÄ±,6
38,sonra,6
39,insan,6
40,olan,6
41,Bu,6
42,ki,6
43,mu,6
44,sizi,6
45,siz,6
46,kukumela,6
47,seni,6
48,tek,5
49,yine,5
50,daha,5
51,disloyaltyy,5
52,bi,5
53,en,5
54,oluyorum,5
55,beklentileruzer,5
56,olmak,5
57,olduÄŸunu,5
58,1,5
59,senin,5
60,amÄ±na,5
61,ulan,4
62,niye,4
63,BazÄ±,4
64,diyor,4
65,gÃ¼zel,4
66,TanrÄ±,4
67,gÃ¶re,4
68,Beni,4
69,TanerOZ7,4
70,biraz,4
71,demek,4
72,bile,4
73,size,4
74,kÄ±z,4
75,gerizekalÄ±,4
76,hemen,4
77,iyi,4
78,zaman,4
79,tolunaybeydicen,4
80,KÄ±zÄ±m,4
81,Olum,4
82,mÄ±,4
83,sana,4
84,5,4
85,yoksa,3
86,bÄ±ktÄ±m,3
87,iki,3
88,yapmak,3
89,Yine,3
90,ğŸ™„,3
91,balkonda,3
92,caglarakgll,3
93,Fatality794,3
94,bÃ¶cek,3
95,sevgilin,3
96,bak,3
97,gÃ¼n,3
98,yemek,3
99,ArkadaÅŸlar,3
100,ÅŸeyler,3
101,oluyor,3
102,artÄ±k,3
103,ÅŸu,3
104,istiyorum,3
105,Hayat,3
106,olduÄŸunuzu,3
107,Ã§ocuk,3
108,iÄŸrenÃ§,3
109,yiyip,3
110,BugÃ¼n,3
111,bahargunes435,3
112,olup,3
113,seviyorum,3
114,kapalÄ±,3
115,olur,3
116,ama,3
117,zor,3
118,fak,3
119,yapayÄ±m,3
120,olarak,3
121,gÃ¶rÃ¼p,3
122,nedir,3
123,tecavÃ¼z,3
124,belki,3
125,annem,3
126,CanÄ±m,3
127,geliyor,3
128,Of,3
129,hiÃ§,3
130,yapÄ±yor,3
131,kÄ±zlar,3
132,insanÄ±,2
133,YAÅA,2
134,aralar,2
135,BÃ¼ÅŸra,2
136,atmak,2
137,oda,2
138,faiz,2
139,Ne,2
140,baÅŸÄ±,2
141,kendini,2
142,boka,2
143,sikerim,2
144,kadÄ±n,2
145,burda,2
146,anlat,2
147,iÃ§im,2
148,Ã¶yle,2
149,neye,2
150,galiba,2
151,saÃ§Ä±mla,2
152,insanlara,2
153,Ã§Ã¼nkÃ¼,2
154,tahammÃ¼l,2
155,olmalÄ±,2
156,pÄ±rasa,2
157,tanrÄ±,2
158,falan,2
159,beri,2
160,tam,2
161,biz,2
162,dedik,2
163,finansal,2
164,kim,2
165,Hani,2
166,ÅŸeyi,2
167,Fi,2
168,saÃ§Ä±mÄ±,2
169,ihtiyaÃ§,2
170,alÄ±rken,2
171,Neden,2
172,Benim,2
173,Ã¼lke,2
174,Ã¶nem,2
175,sizin,2
176,Biri,2
177,tÃ¼m,2
178,alÄ±yorum,2
179,ciddi,2
180,Ã¼zmeyin,2
181,yavuzz,2
182,ULAN,2
183,ile,2
184,anladÄ±k,2
185,fazla,2
186,gizli,2
187,hoca,2
188,oturup,2
189,ses,2
190,aÃ§,2
191,bari,2
192,gereksiz,2
193,be,2
194,diyorum,2
195,kÄ±ra,2
196,mÄ±sÄ±nÄ±z,2
197,onun,2
198,ayaÄŸÄ±,2
199,birine,2
200,ha,2
201,Yahu,2
202,diyorsunuz,2
203,keÅŸke,2
204,Ã¶nce,2
205,giyen,2
206,nolur,2
207,edip,2
208,hale,2
209,fuck,2
210,sende,2
211,otobÃ¼se,2
212,belli,2
213,benden,2
214,icarusvari,2
215,Bana,2
216,piÃ§ine,2
217,sevgili,2
218,sesini,2
219,gÃ¶rÃ¼nÃ¼ÅŸe,2
220,varsa,2
221,Ä°nsan,2
222,ÅŸerefsiz,2
223,insanÄ±n,2
224,girip,2
225,miktar,2
226,herkes,2
227,gÃ¶rmekten,2
228,bildiÄŸim,2
229,Biz,2
230,Sabah,2
231,kardeÅŸim,2
232,edilmesine,2
233,insanlarsÄ±nÄ±z,2
234,kÃ¼Ã§Ã¼k,2
235,ramazan,2
236,uyumuyorum,2
237,2,2
238,iÃ§ine,2
239,kÄ±rÄ±ldÄ±ÄŸÄ±mÄ±,2
240,O,2
241,yap,2
242,farklÄ±,2
243,delirtip,2
244,Az,2
245,kÄ±zÄ±m,2
246,deki,2
247,napÄ±yon,2
248,bende,2
249,gÃ¼lerim,2
250,evet,2
251,gece,2
252,mor,2
253,sokakta,2
254,koyim,2
255,Tamam,2
256,alitbalci,2
257,sigara,2
258,sÄ±rf,2
259,mÃ¼ziÄŸin,2
260,Ã¼stÃ¼,2
261,kedi,2
262,eski,2
263,hiÃ§bir,2
264,gelip,2
265,ÅŸiir,2
266,eÅŸliÄŸinde,2
267,dÃ¼zenli,2
268,toplayÄ±p,2
269,varoÅŸ,2
270,HayatÄ±mda,2
271,sadece,2
272,kÄ±s,2
273,bakÄ±p,2
274,olsa,2
275,kendime,2
276,erkekler,2
277,adam,2
278,mÃ¼zik,2
279,Sen,2
280,mikail,2
281,insanlar,2
282,musunuz,2
283,BÃ¶cek,2
284,ilk,2
285,musun,2
286,deniz,2
287,peki,2
288,iÅŸini,2
289,jokervipx,2
290,dÄ±ÅŸ,2
291,oynaÅŸÄ±p,1
292,dusukgucmodu,1
293,Hayal,1
294,ÅŸerefsizler,1
295,rastgele,1
296,herkesindir,1
297,Muhammed,1
298,bilmiyordum,1
299,aÄŸrÄ±sÄ±,1
300,OLMALI,1
301,et,1
302,ÅŸimdi,1
303,tren,1
304,kÄ±rÄ±lmamÄ±n,1
305,marjinalkizx,1
306,BENÄ°M,1
307,tepki,1
308,gerizekalÄ±sÄ±n,1
309,Can,1
310,isimli,1
311,uyku,1
312,git,1
313,EGEMENLÄ°ÄÄ°M,1
314,gÃ¶tÃ¼nÃ¼,1
315,gerÃ§ekten,1
316,Ã‡ocuklara,1
317,ayol,1
318,hunharca,1
319,sormak,1
320,alerji,1
321,gerizekalÄ±larla,1
322,YaaaaÄŸ,1
323,ufak,1
324,aÄŸlÄ±yorum,1
325,yetmiyor,1
326,Vur,1
327,Åeytan,1
328,erkeÄŸi,1
329,MayÄ±s,1
330,Kesinlikle,1
331,gerizekalÄ±sÄ±na,1
332,muamelesi,1
333,mutluyum,1
334,laf,1
335,olmayÄ±n,1
336,saÃ§ma,1
337,zalim,1
338,Adama,1
339,sÄ±kÄ±lmÄ±ÅŸ,1
340,bilmem,1
341,duvarlar,1
342,VakÄ±fÄ±n,1
343,yazmadan,1
344,yaptÄ±nÄ±z,1
345,alÄ±n,1
346,DURMA,1
347,Moralimi,1
348,Ã¶ldÃ¼rdÃ¼m,1
349,23,1
350,bardak,1
351,MutluluÄŸa,1
352,yarÄ±nlar,1
353,inanmaya,1
354,gÃ¶steriyor,1
355,geÃ§eceÄŸini,1
356,karar,1
357,almÄ±ÅŸÄ±z,1
358,gÃ¼ndÃ¼r,1
359,laik,1
360,delirtecek,1
361,Bizi,1
362,deÄŸâ€¦,1
363,Yap,1
364,yoruyorsunuz,1
365,Nisan,1
366,Apo,1
367,yaÅŸÄ±ndan,1
368,karÅŸÄ±lÄ±klÄ±,1
369,Ã§orabÄ±mÄ±,1
370,ayÄ±n,1
371,aÄŸzÄ±nÄ±zÄ±,1
372,anlatÄ±labilirmiÅŸ,1
373,Ã¶lseniz,1
374,ediyorum,1
375,nazik,1
376,bunu,1
377,KÃ¼n,1
378,epik,1
379,ediyorsunuz,1
380,Tabiki,1
381,egonuzu,1
382,yoktu,1
383,yelloz,1
384,abla,1
385,ancak,1
386,aklÄ±ma,1
387,kaÃ§sÄ±n,1
388,dÃ¼ÅŸtÃ¼,1
389,aÅŸÄ±rÄ±,1
390,kuruyor,1
391,inanÄ±lmaz,1
392,bulandÄ±,1
393,bugÃ¼n,1
394,Ä°z,1
395,dkdmdmdmdmdmd,1
396,varlÄ±klar,1
397,vikvikvikvik,1
398,giydikleri,1
399,bÃ¼yÃ¼lt,1
400,olsun,1
401,iÃ§erseniz,1
402,imzamÄ±,1
403,ellerinizi,1
404,zatenğŸ™„,1
405,kÄ±zsÄ±n,1
406,an,1
407,Gideyim,1
408,kondu,1
409,hissettiÄŸimi,1
410,Demokrasiyi,1
411,sizde,1
412,KadÄ±nÄ±,1
413,kalÄ±yorum,1
414,atarlÄ±,1
415,yÄ±kamanÄ±za,1
416,ulkucubey,1
417,birilerinin,1
418,cokiciyosun,1
419,evi,1
420,fotoÄŸraf,1
421,tekrar,1
422,kÃ¶le,1
423,napardÄ±m,1
424,Ã§orap,1
425,nÄ±n,1
426,Ã¼nde,1
427,gayler,1
428,DuygularÄ±m,1
429,cool,1
430,mÃ¼slÃ¼man,1
431,kÄ±zÄ±yor,1
432,felÃ§lerinden,1
433,edebilmem,1
434,Ã¶zrÃ¼,1
435,sÃ¼rse,1
436,gÃ¶z,1
437,arayamamak,1
438,yokmuÅŸ,1
439,tanimadigim,1
440,ota,1
441,ArkadaÅŸ,1
442,oÃ§,1
443,Zaman,1
444,istedim,1
445,Aksu,1
446,sinirlenemiyorum,1
447,bilmiyor,1
448,elinde,1
449,karÅŸÄ±nÄ±zdakinin,1
450,bÄ±rakmÄ±yorum,1
451,tivitimi,1
452,kÄ±skanÄ±yoruz,1
453,yalnÄ±zca,1
454,altÄ±na,1
455,yanÄ±mdalar,1
456,Ã¼fletiyorum,1
457,seydiyle,1
458,gianluici,1
459,davranan,1
460,deyince,1
461,BÄ°LMÄ°YOR,1
462,kÄ±zla,1
463,Sivas,1
464,selamÄ±n,1
465,atmÄ±ÅŸ,1
466,siktir,1
467,deseler,1
468,geÃ§iriyordum,1
469,sevin,1
470,gerekiyor,1
471,ayÄ±rtÄ±p,1
472,twitter,1
473,unutmasanÄ±z,1
474,bakma,1
475,aÄŸrÄ±maya,1
476,yapsam,1
477,durumuna,1
478,hissediyorum,1
479,okudu,1
480,sÃ¶ylemiyorsunuz,1
481,gidiyor,1
482,geliÅŸir,1
483,nÃ¶ropiskolojik,1
484,uyumuycam,1
485,elimdekileri,1
486,anlayÄ±ÅŸÄ±nÄ±z,1
487,i,1
488,sÃ¶vÃ¼yoruz,1
489,wp,1
490,sikesim,1
491,Bide,1
492,anÄ±ya,1
493,kadarâ€¦,1
494,Ã‡aÄŸlar,1
495,kitliyor,1
496,istediniz,1
497,Ã§aldÄ±,1
498,kalma,1
499,bilet,1
500,olmadÄ±ÄŸÄ±nÄ±,1
501,uyandÄ±m,1
502,ibadet,1
503,in,1
504,AÄLARSINIZ,1
505,ÅŸansÄ±mÄ±,1
506,bÃ¶yleyim,1
507,diklenen,1
508,neden,1
509,dizisi,1
510,Ã§ocuklarÄ±ndanÄ±z,1
511,Onun,1
512,devam,1
513,MisafirliÄŸe,1
514,oje,1
515,VURUP,1
516,insalarÄ±,1
517,yetiÅŸen,1
518,olmadÄ±ÄŸÄ±ndandÄ±r,1
519,Hem,1
520,delirtmeye,1
521,gelmiÅŸ,1
522,kahpelikler,1
523,kaÃ§Ä±ncÄ±,1
524,aÄŸrÄ±yor,1
525,yazÄ±lan,1
526,kalp,1
527,iÄŸnelensin,1
528,olmuÅŸ,1
529,mutluluÄŸun,1
530,ÄŸimğŸ’ğŸ¼,1
531,Ã§Ä±karamayan,1
532,atabilir,1
533,alÄ±yorsunuz,1
534,dururken,1
535,siliyorsunuz,1
536,gidiyo,1
537,inatla,1
538,psikoloÄŸa,1
539,naapsak,1
540,hesap,1
541,veriyorum,1
542,gÃ¶rdÃ¼m,1
543,bakmÄ±yorsun,1
544,Ã¼z,1
545,baÄŸÄ±rmasÄ±,1
546,yikismiyir,1
547,silerken,1
548,Usta,1
549,SABAHLARIN,1
550,sÃ¼mÃ¼klÃ¼m,1
551,kaldÄ±rdÄ±ysa,1
552,korktum,1
553,GÃ¶nÃ¼l,1
554,YÃ‚RÄ°,1
555,olum,1
556,son,1
557,fotoÄŸrafÄ±m,1
558,kurmak,1
559,dÃ¼nyadaki,1
560,Muck,1
561,LGBTTurkiye,1
562,dkdkdkdkd,1
563,hayatÄ±,1
564,yapabileceÄŸim,1
565,amÄ±nakoduklarÄ±m,1
566,ÅŸeye,1
567,HalledemeyeceÄŸiz,1
568,hissetmedigimiâ€¦,1
569,DESTANIM,1
570,ateistim,1
571,kardeÅŸ,1
572,yoruldum,1
573,yorum,1
574,hayattaki,1
575,SAKâ€¦,1
576,sevemiyorum,1
577,biliyordum,1
578,altÄ±nla,1
579,gezen,1
580,yenisini,1
581,kalbinizi,1
582,arap,1
583,Ä°yyici,1
584,etmemeye,1
585,ÅŸeyden,1
586,verseydi,1
587,kilo,1
588,ruhun,1
589,aldÄ±ÄŸÄ±nÄ±z,1
590,kurmaya,1
591,atabilirim,1
592,adÄ±na,1
593,yapÄ±sÄ±ndaki,1
594,gÃ¼Ã§,1
595,kapattÄ±m,1
596,dÃ¼ÄŸÃ¼n,1
597,kendine,1
598,herÅŸeye,1
599,alabildiÄŸin,1
600,etmez,1
601,dksmsmsms,1
602,gÃ¼lÃ¼msetti,1
603,SANDIN,1
604,gÃ¶zlerimin,1
605,yÃ¼kseklik,1
606,interseksÃ¼eller,1
607,eker,1
608,Allah,1
609,karabasan,1
610,duygularÄ±nÄ±n,1
611,taklit,1
612,HiÃ§bir,1
613,iÃ§iyorum,1
614,AÅŸkÄ±m,1
615,vazgeÃ§ilmez,1
616,karÅŸÄ±laÅŸtÄ±m,1
617,yÃ¼rÃ¼yÃ¼n,1
618,oturuyorum,1
619,SevmediÄŸim,1
620,BaÄŸÄ±rÄ±n,1
621,buna,1
622,sultanÄ±,1
623,yekÃ¼n,1
624,hoÅŸ,1
625,Ã§abalayan,1
626,dÃ¼ÅŸmanÄ±,1
627,aramak,1
628,dÃ¼zen,1
629,tahammÃ¼lÃ¼m,1
630,Valla,1
631,sÃ¶ylemedim,1
632,deÄŸiÅŸtirecek,1
633,kÄ±zlardanÄ±m,1
634,giderken,1
635,Ã§irkef,1
636,soykÄ±rÄ±mcÄ±,1
637,yemin,1
638,grip,1
639,ÅŸeklini,1
640,beneklere,1
641,arabasÄ±na,1
642,delirmeye,1
643,baksana,1
644,baÅŸlÄ±ycam,1
645,Ã¶lememek,1
646,YataÄŸa,1
647,naâ€¦,1
648,oaff,1
649,karÅŸÄ±mdaki,1
650,kulaklÄ±ÄŸÄ±,1
651,Hepiniz,1
652,kanser,1
653,kusucam,1
654,basit,1
655,mstafatnrvrdi,1
656,gÃ¶rÃ¼ÅŸÃ¼nÃ¼,1
657,duÅŸ,1
658,Ã§ocuklarÄ±yla,1
659,sanane,1
660,ayÄ±nda,1
661,insanÄ±m,1
662,replik,1
663,diyorsun,1
664,kesiliyor,1
665,YalnÄ±z,1
666,batak,1
667,bizim,1
668,aferin,1
669,karÅŸÄ±dakini,1
670,tiviti,1
671,ÅŸeylere,1
672,geldik,1
673,fotoÄŸraflarÄ±nÄ±,1
674,sarhoÅŸ,1
675,yerine,1
676,Feto,1
677,sivas,1
678,ego,1
679,anlamadÄ±m,1
680,man,1
681,yeri,1
682,Ã§ekemem,1
683,Ã§antadan,1
684,kesecektik,1
685,yapma,1
686,bitane,1
687,aramaa,1
688,girsin,1
689,iliklerinize,1
690,Kedi,1
691,azÄ±ndan,1
692,Ã§alan,1
693,isterken,1
694,Aramazsan,1
695,Ramazan,1
696,ZamanÄ±nda,1
697,yÃ¼zden,1
698,dÃ¼ÅŸÃ¼nmekten,1
699,konuÅŸmuÅŸ,1
700,saatlerce,1
701,aramaaaaaa,1
702,olacaÄŸÄ±nÄ±,1
703,Oysa,1
704,bizde,1
705,Ã§ocukluÄŸu,1
706,rengine,1
707,uykumu,1
708,hayattan,1
709,kafan,1
710,DEMOKRASÄ°M,1
711,beslememe,1
712,sÃ¼nnet,1
713,delirttiniz,1
714,diâ€¦,1
715,ÅŸeysini,1
716,TÃ¼rkiye,1
717,yapasÄ±m,1
718,sevgi,1
719,kÄ±skanÄ±n,1
720,Ã§ay,1
721,En,1
722,MTanal,1
723,balkondan,1
724,sÃ¼rekli,1
725,iÃ§mek,1
726,milyonlarca,1
727,gelmesiyle,1
728,karpuz,1
729,Ã§Ä±kan,1
730,sandÄ±ÄŸÄ±n,1
731,delirtmeden,1
732,Ã§ikil,1
733,konuÅŸurken,1
734,geyi,1
735,fazlasÄ±nÄ±,1
736,ozansomel,1
737,DESTANINIZI,1
738,savunduÄŸu,1
739,Ã§atÄ±sÄ±ndan,1
740,Ã¶nemi,1
741,gidiyorsun,1
742,beeeeeee,1
743,kÄ±rgÄ±nÄ±m,1
744,oynayacak,1
745,koycam,1
746,tÄ±ktÄ±ktÄ±ktÄ±k,1
747,akÄ±llÄ±,1
748,harem,1
749,Bafra,1
750,GÃ¶ze,1
751,aldÄ±,1
752,dlssksksk,1
753,biÃ§er,1
754,Ã‡ocuklarÄ±na,1
755,oynayÄ±n,1
756,kÄ±skanacak,1
757,boÅŸver,1
758,kafanÄ±,1
759,Ã§orabÄ±nÄ±z,1
760,sevmeyene,1
761,pÄ±rtÄ±mÄ±,1
762,sinirlendirebildiÄŸinizden,1
763,bitince,1
764,cÃ¼mlesi,1
765,duramÄ±yoruz,1
766,kafayla,1
767,PÄ±lÄ±mÄ±,1
768,Ã¼zÃ¼lÃ¼rÃ¼m,1
769,geldi,1
770,Yani,1
771,menemen,1
772,burada,1
773,yere,1
774,engelliyorsam,1
775,bÃ¼yÃ¼meyi,1
776,bitiÄŸine,1
777,29,1
778,BugraYt,1
779,kandÄ±rdÄ±nÄ±z,1
780,alllaahhh,1
781,videolarÄ±nÄ±,1
782,bÄ±kmadÄ±n,1
783,duyulan,1
784,sevmediler,1
785,sarÄ±lÄ±p,1
786,biliyorum,1
787,rahat,1
788,yÃ¼ksek,1
789,heteroseksist,1
790,yanÄ±na,1
791,derin,1
792,emojide,1
793,haklarÄ±na,1
794,Behzatc,1
795,sabitlerdim,1
796,bahÃ§elerde,1
797,Ã¶lÃ¼yorum,1
798,sevgilinle,1
799,AtatÃ¼rk,1
800,istiyo,1
801,midem,1
802,HAR,1
803,gÃ¶rmedim,1
804,pazar,1
805,kÄ±smeti,1
806,bence,1
807,inanmÄ±ÅŸlÄ±ÄŸÄ±m,1
808,yaksak,1
809,hala,1
810,deÄŸiÅŸtiremeyeceÄŸinâ€¦,1
811,kÄ±rÄ±lmadÄ±m,1
812,Ã¼zme,1
813,sinirlenince,1
814,aynÄ±sÄ±nÄ±,1
815,Ekiâ€¦,1
816,bahÃ§eye,1
817,eyvallahÄ±m,1
818,profilime,1
819,olucaz,1
820,baÅŸ,1
821,Sana,1
822,hangi,1
823,reddettim,1
824,gÃ¶kyÃ¼zÃ¼,1
825,bÄ±rakÄ±p,1
826,olsaydÄ±,1
827,Hocam,1
828,derken,1
829,ovasÄ±nda,1
830,aptallÄ±ÄŸa,1
831,ihtiyacÄ±m,1
832,AHSJDKDKDKDKFKDKDNDJDJSHAHAHAHSHS,1
833,napayÄ±m,1
834,unutulmasÄ±n,1
835,insana,1
836,yaralarÄ±n,1
837,Siz,1
838,makyaj,1
839,dolu,1
840,baÄŸÄ±msÄ±z,1
841,Ã§Ä±kmaya,1
842,doÄŸmuÅŸum,1
843,yavrum,1
844,dedi,1
845,iÃ§erim,1
846,gÃ¼zelliÄŸine,1
847,Burda,1
848,gidecektik,1
849,ÅŸerefsizsin,1
850,KÄ±sÄ±k,1
851,sonunda,1
852,gÃ¶tÃ¼rmÃ¼ÅŸlerdi,1
853,olabilir,1
854,biri,1
855,kalabileceÄŸim,1
856,gider,1
857,ayrÄ±,1
858,orucu,1
859,olayÄ±m,1
860,Ã¶zlÃ¼yorum,1
861,gerÃ§ekleÅŸmeyeceÄŸini,1
862,koyayÄ±m,1
863,kibir,1
864,18,1
865,soÄŸuyorsun,1
866,Koray,1
867,sÄ±nda,1
868,hep,1
869,tÅŸkklr,1
870,dÃ¼ÅŸÃ¼nÃ¼yorsunuz,1
871,Ã¼ÅŸeniyom,1
872,karÄ±ÅŸtÄ±rÄ±yorsun,1
873,Ã¼stÃ¼me,1
874,olmuyor,1
875,gÃ¼nde,1
876,silse,1
877,gidin,1
878,iptal,1
879,meyve,1
880,YÄ±llardÄ±r,1
881,Son,1
882,kalpsiz,1
883,asla,1
884,dedikodusunu,1
885,konar,1
886,YazÄ±n,1
887,mezuniyet,1
888,mutluluÄŸum,1
889,kaybederiz,1
890,mavi,1
891,gÃ¼lesim,1
892,kimsenin,1
893,kursaÄŸÄ±mda,1
894,heeey,1
895,Ã§aba,1
896,sevdim,1
897,hissizleÅŸtirmiÅŸsiniz,1
898,olmadÄ±k,1
899,Ã§alÄ±ÅŸanlarÄ±n,1
900,SeviÅŸiyorsun,1
901,illa,1
902,muâ€¦,1
903,abarttÄ±m,1
904,sayÄ±n,1
905,Ã§ocuÄŸusun,1
906,geÃ§erken,1
907,hic,1
908,nede,1
909,kafa,1
910,Teokratik,1
911,kahvaltÄ±larÄ±,1
912,babasÄ±nÄ±n,1
913,muzolirizm,1
914,beÄŸenmiÅŸlik,1
915,GÃ–STERÄ°N,1
916,61,1
917,fotoÄŸraftaki,1
918,dÃ¶ver,1
919,knk,1
920,egonu,1
921,Sensin,1
922,sÄ±kÄ±ldÄ±m,1
923,dumanÄ±ndan,1
924,ğŸ˜‚,1
925,oynasa,1
926,yerim,1
927,balon,1
928,Naber,1
929,anneeeeeee,1
930,kÄ±rÄ±cÄ±,1
931,taÅŸar,1
932,geldim,1
933,anladÄ±ÄŸÄ±n,1
934,Ã¼lkenin,1
935,Liselilerin,1
936,telefon,1
937,KÄ±zlar,1
938,sorasÄ±m,1
939,darbe,1
940,yazmaya,1
941,kedileri,1
942,baÄŸlarÄ±nÄ±,1
943,diyecek,1
944,TÃ¼rbe,1
945,mutsuz,1
946,orrrrrroosspu,1
947,Hic,1
948,cama,1
949,yaÅŸama,1
950,buldun,1
951,aÃ§Ä±lÄ±yor,1
952,duygusuz,1
953,bozacak,1
954,bÄ±kmÄ±ÅŸtÄ±m,1
955,araban,1
956,alÄ±rlar,1
957,oldu,1
958,olmamasÄ±,1
959,yuman,1
960,eder,1
961,Ã§ekilinnn,1
962,Niksar,1
963,fiyuu,1
964,yÄ±kanÄ±yorum,1
965,haram,1
966,sevmem,1
967,yalnÄ±z,1
968,lezbiyenler,1
969,saÃ§larÄ±na,1
970,defa,1
971,edemiyorum,1
972,intikamcÄ±,1
973,ALAYIM,1
974,Demokrasi,1
975,masadaki,1
976,kediler,1
977,kÄ±zlarÄ±,1
978,dÃ¶ndÃ¼,1
979,dÃ¶ndÃ¼ÄŸÃ¼m,1
980,alpixella,1
981,sesle,1
982,meclisten,1
983,vakadÄ±râ€¦,1
984,KEMAL,1
985,Ã§iÃ§ekle,1
986,sahura,1
987,kavgasÄ±,1
988,ARZ,1
989,Ã§ocuktan,1
990,gesi,1
991,uykuya,1
992,Yaz,1
993,resmen,1
994,yarÄ±sÄ±,1
995,birer,1
996,sÃ¼rtÃ¼kler,1
997,bunlar,1
998,Serseri,1
999,birden,1
1000,Tenimdeki,1
1001,anlatmÄ±yor,1
1002,gÃ¼Ã§lÃ¼,1
1003,Ã§Ã¼kÃ¼,1
1004,bÄŸÅŸra,1
1005,sikicem,1
1006,gitmiyor,1
1007,SAVURUP,1
1008,Gidecek,1
1009,Ã¶rneklemiÅŸ,1
1010,TanrÄ±â€™nÄ±n,1
1011,ACILAR,1
1012,parklarda,1
1013,Neler,1
1014,hiÃ§e,1
1015,vermeyeyim,1
1016,Ä°zmir,1
1017,YldrmGokhann,1
1018,kÄ±rÄ±klÄ±ÄŸÄ±,1
1019,atÄ±yorum,1
1020,OLUN,1
1021,girdim,1
1022,sabah,1
1023,diz,1
1024,telefonu,1
1025,atlamayÄ±,1
1026,feyzaltun,1
1027,hissedip,1
1028,AslÄ±nda,1
1029,balkonlarda,1
1030,zararlÄ±,1
1031,edebiliyorum,1
1032,BU,1
1033,SansuRJxx,1
1034,izleyeyim,1
1035,kÄ±rÄ±p,1
1036,amacÄ±m,1
1037,yatÄ±nca,1
1038,amÄ±nÄ±za,1
1039,100,1
1040,yokluÄŸunu,1
1041,koyacaksak,1
1042,odanÄ±,1
1043,koyuyorsun,1
1044,aÄŸzÄ±m,1
1045,yazdÄ±ÄŸÄ±m,1
1046,dÃ¶ndÃ¼m,1
1047,bÃ¼yÃ¼k,1
1048,kalbimi,1
1049,ayaÄŸÄ±na,1
1050,kandÄ±rmak,1
1051,konuda,1
1052,Ã§Ã¶ktÃ¼,1
1053,egemenliÄŸiniz,1
1054,Bence,1
1055,hey,1
1056,SabahÄ±n,1
1057,kaybetmekten,1
1058,SÄ±cak,1
1059,koydum,1
1060,Daha,1
1061,inde,1
1062,aÄŸlarken,1
1063,gittiÄŸimiz,1
1064,tum,1
1065,yaktÄ±n,1
1066,kÄ±rÄ±yorsunuz,1
1067,pencerenizi,1
1068,ÅŸeriat,1
1069,Mart,1
1070,arkadaÅŸÄ±mÄ±,1
1071,takip,1
1072,sÃ¶yler,1
1073,sinirliyim,1
1074,iyiyim,1
1075,olmasan,1
1076,yaramÄ±za,1
1077,yanÄ±ma,1
1078,depresyonuna,1
1079,6000,1
1080,peynir,1
1081,SÄ±radaki,1
1082,yazÄ±nca,1
1083,yanÄ±yo,1
1084,dÄ±ÅŸarÄ±,1
1085,bakmayÄ±n,1
1086,otobÃ¼ste,1
1087,mezara,1
1088,konuÅŸuyoruz,1
1089,citol,1
1090,demeyin,1
1091,seviyon,1
1092,ev,1
1093,atlatacak,1
1094,yazdÄ±ÄŸÄ±,1
1095,kaybedilir,1
1096,otobÃ¼sle,1
1097,tanÄ±ÅŸtÄ±m,1
1098,deÄŸilsiniz,1
1099,yapÄ±yoruz,1
1100,gÃ¼venilmez,1
1101,yerleri,1
1102,yÃ¼rÃ¼yor,1
1103,uyusam,1
1104,daÄŸlarÄ±nda,1
1105,haberimiz,1
1106,verdim,1
1107,BatsÄ±n,1
1108,omuz,1
1109,seven,1
1110,iftar,1
1111,ortasÄ±nda,1
1112,sayÄ±lÄ±yor,1
1113,kelime,1
1114,dÃ¼nya,1
1115,sevgilimi,1
1116,harika,1
1117,sanÄ±yo,1
1118,hesabÄ±ma,1
1119,SATIN,1
1120,yaptÄ±n,1
1121,gÃ¼nden,1
1122,la,1
1123,adil,1
1124,OÃ‡,1
1125,gri,1
1126,iliÅŸki,1
1127,BAÄIMSIZLIÄIM,1
1128,olduÄŸu,1
1129,kaÃ§an,1
1130,MUSTAFA,1
1131,oldun,1
1132,uyuyayÄ±m,1
1133,kinder,1
1134,Gecenin,1
1135,muhtaÃ§,1
1136,ordular,1
1137,Snne,1
1138,aÄŸliycim,1
1139,ateriadaptoru,1
1140,kovalanan,1
1141,ekrana,1
1142,un,1
1143,kaÅŸar,1
1144,YaptÄ±ÄŸÄ±m,1
1145,kahvaltÄ±ya,1
1146,Ã§ekmek,1
1147,kusucaÃ¶,1
1148,kardeÅŸine,1
1149,bÃ¼yÃ¼dÃ¼kÃ§e,1
1150,oturduk,1
1151,Sabahtan,1
1152,rahatsÄ±z,1
1153,olmaya,1
1154,dahi,1
1155,ilacÄ±,1
1156,yaÅŸÄ±na,1
1157,kalpli,1
1158,naparsanÄ±z,1
1159,onlar,1
1160,askimsu,1
1161,sin,1
1162,sevgilim,1
1163,bayram,1
1164,Ã§ocuÄŸun,1
1165,hocaya,1
1166,shopla,1
1167,gÃ¼ldÃ¼m,1
1168,demedik,1
1169,oynamÄ±ycam,1
1170,AÄŸustos,1
1171,demiyoruzdur,1
1172,hayaller,1
1173,TÃ¼m,1
1174,canÄ±m,1
1175,HANGÄ°NÄ°Z,1
1176,Dikkat,1
1177,etti,1
1178,sevdiÄŸim,1
1179,diÄŸer,1
1180,edeceÄŸine,1
1181,sanÄ±yorlar,1
1182,Samsun,1
1183,deÄŸerli,1
1184,nediiiiir,1
1185,hanfendi,1
1186,neyiiiiizz,1
1187,benimle,1
1188,gerekir,1
1189,yapar,1
1190,boku,1
1191,yuhlitoris,1
1192,durup,1
1193,transÄ±,1
1194,MutluluÄŸun,1
1195,file,1
1196,Amk,1
1197,Engellemeyenin,1
1198,MI,1
1199,insanâ€¦,1
1200,yolunda,1
1201,sayÄ±p,1
1202,PARA,1
1203,demokratik,1
1204,Gidip,1
1205,az,1
1206,yanlarÄ±nÄ±zÄ±,1
1207,gelen,1
1208,3,1
1209,hobim,1
1210,gormeyecegim,1
1211,deyip,1
1212,BOZAR,1
1213,almayÄ±n,1
1214,kÃ¼Ã§Ã¼kken,1
1215,yapÄ±n,1
1216,yÃ¼zÃ¼nÃ¼zÃ¼,1
1217,deli,1
1218,Ateistiz,1
1219,Ã¶rdÃ¼ÄŸÃ¼m,1
1220,Adam,1
1221,Taner,1
1222,Millet,1
1223,a,1
1224,SÄ±caktan,1
1225,bozunca,1
1226,taÅŸ,1
1227,yaptÄ±ÄŸÄ±n,1
1228,sayesinde,1
1229,umarÄ±m,1
1230,razÄ±ydÄ±m,1
1231,iÅŸte,1
1232,mesaj,1
1233,EDER,1
1234,nefret,1
1235,GÃ¶tÃ¼nÃ¼zÃ¼,1
1236,uyanmayÄ±,1
1237,Yeliz,1
1238,farkÄ±nda,1
1239,cileekkokusuuu,1
1240,olanlari,1
1241,mal,1
1242,kadÄ±nlarÄ±n,1
1243,bayÄ±rÄ±ndan,1
1244,yÄ±rtsan,1
1245,alperment,1
1246,yeter,1
1247,Ã§aktÄ±rmadan,1
1248,maÅŸa,1
1249,ANLATSAM,1
1250,yazÄ±nÄ±n,1
1251,GEBERÄ°N,1
1252,barÄ±ÅŸmasÄ±n,1
1253,aÄŸlÄ±yorsunuz,1
1254,etmedim,1
1255,Ä°NSAN,1
1256,aÃ§lÄ±kâ€¦,1
1257,11,1
1258,adamlarÄ±,1
1259,bilemedik,1
1260,kÄ±zlarÄ±n,1
1261,sigaralarla,1
1262,Ã§ektiÄŸim,1
1263,varoÅŸluÄŸun,1
1264,rakÄ±yÄ±,1
1265,gÃ¼zelim,1
1266,bulunduklarÄ±,1
1267,otekidunyali,1
1268,zorunda,1
1269,kÄ±skanÃ§,1
1270,ojelerimi,1
1271,kasmalarÄ±,1
1272,Åu,1
1273,aq,1
1274,cehennem,1
1275,yazÄ±,1
1276,korkusundan,1
1277,insancÄ±klar,1
1278,acÄ±masÄ±zdÄ±,1
1279,memen,1
1280,allaaah,1
1281,arasÄ±ndaki,1
1282,gelenin,1
1283,ondan,1
1284,paylaÅŸmak,1
1285,merak,1
1286,flÃ¶rt,1
1287,kÃ¼sler,1
1288,yerde,1
1289,Ã¶zentisin,1
1290,biseksÃ¼eller,1
1291,almayan,1
1292,mÄ±sÄ±n,1
1293,Hepinize,1
1294,dkdkdksk,1
1295,dÃ¼ÄŸÃ¼nÃ¼,1
1296,uyuyamÄ±yorum,1
1297,gÃ¼nlerden,1
1298,toparlayamÄ±ycaz,1
1299,duÅŸa,1
1300,Ã¶lmem,1
1301,planÄ±m,1
1302,izliyorum,1
1303,olun,1
1304,noluyor,1
1305,Kaybedersek,1
1306,videosu,1
1307,rt,1
1308,Ä±slatÄ±yorum,1
1309,gidicem,1
1310,sÃ¶ylÃ¼yoruz,1
1311,Abi,1
1312,kusura,1
1313,seslenme,1
1314,insanlarÄ±,1
1315,bakÄ±yon,1
1316,BÃ¼ÅŸranÄ±n,1
1317,fe,1
1318,FotoÄŸraflarÄ±ma,1
1319,dÃ¼ÅŸÃ¼ncelerim,1
1320,Ã¶lmeden,1
1321,aÅŸkÄ±,1
1322,azyazarozyazarr,1
1323,Siktir,1
1324,yapÄ±lan,1
1325,erkekleri,1
1326,dansa,1
1327,yÃ¼zÃ¼ne,1
1328,yerin,1
1329,sevgilime,1
1330,ayÄ±p,1
1331,yandÄ±ÄŸÄ±nda,1
1332,yardÄ±m,1
1333,4,1
1334,inanamÄ±yorum,1
1335,Birlikte,1
1336,etmem,1
1337,planlarÄ±,1
1338,Konya,1
1339,engelliyor,1
1340,allan,1
1341,krizi,1
1342,evin,1
1343,kiÅŸiyi,1
1344,baya,1
1345,kiÅŸinin,1
1346,fav,1
1347,Ã§ocuklarÄ±n,1
1348,Balkonda,1
1349,BÄ°R,1
1350,flaÅŸÄ±yla,1
1351,yÃ¼celtiyor,1
1352,Dilimizde,1
1353,kenarÄ±,1
1354,temizlemeye,1
1355,baÅŸladÄ±,1
1356,AÄŸlÄ±yorum,1
1357,sÄ±rnaÅŸma,1
1358,nefese,1
1359,Sezen,1
1360,hali,1
1361,sÃ¼rdÃ¼m,1
1362,Bebeyim,1
1363,bazÄ±,1
1364,aha,1
1365,dÃ¼ÅŸÃ¼ndÃ¼ÄŸÃ¼m,1
1366,13â€²Ã¼nde,1
1367,kurÅŸun,1
1368,neyin,1
1369,kafasÄ±,1
1370,lys,1
1371,EtrafÄ±ma,1
1372,anlatayÄ±m,1
1373,yaÅŸarsÄ±n,1
1374,sokaÄŸÄ±n,1
1375,Aksini,1
1376,evresi,1
1377,aÄŸlatsÄ±n,1
1378,bazen,1
1379,NEYLEYÄ°M,1
1380,bakÄ±yo,1
1381,aÄŸlayayÄ±m,1
1382,anlamanÄ±z,1
1383,Ä±n,1
1384,sÄ±navÄ±na,1
1385,intihar,1
1386,yaa,1
1387,izlerini,1
1388,yapÄ±p,1
1389,siktirgit,1
1390,anlatamam,1
1391,YERÄ°M,1
1392,deÄŸilsin,1
1393,Demek,1
1394,istediÄŸin,1
1395,kulaklÄ±ktaki,1
1396,etek,1
1397,yaparken,1
1398,akÅŸamdan,1
1399,deÄŸilim,1
1400,insanÄ±nâ€¦,1
1401,allahÄ±m,1
1402,cam,1
1403,seninle,1
1404,kÃ¼fÃ¼r,1
1405,yapmayÄ±n,1
1406,ciddiye,1
1407,dinliyoruum,1
1408,insanlarÄ±n,1
1409,durdurabilir,1
1410,saÃ§Ä±na,1
1411,ÅŸeftali,1
1412,banyoya,1
1413,hem,1
1414,12,1
1415,planlar,1
1416,Åiir,1
1417,dÃ¼nyayÄ±,1
1418,dalinle,1
1419,kendi,1
1420,30,1
1421,HayatÄ±m,1
1422,arÄ±lar,1
1423,yalnÄ±zlÄ±ÄŸÄ±n,1
1424,duyulmak,1
1425,BENÄ°,1
1426,atarlansanÄ±za,1
1427,bil,1
1428,batÄ±yosa,1
1429,daÄŸÄ±t,1
1430,sanÄ±yorsunuz,1
1431,unutmayÄ±n,1
1432,herkesi,1
1433,koymadÄ±k,1
1434,zaten,1
1435,Kibiriniz,1
1436,ilgiye,1
1437,isterdim,1
1438,bebeklere,1
1439,Ã§ocuÄŸuna,1
1440,asosyal,1
1441,unuttum,1
1442,Kendimi,1
1443,kraker,1
1444,kombo,1
1445,Ã§Ä±ktÄ±n,1
1446,yol,1
1447,eâ€¦,1
1448,Ã§ekip,1
1449,GÃœNAYMADI,1
1450,yar,1
1451,olanÄ±,1
1452,iÅŸim,1
1453,Ã§iÅŸ,1
1454,arkadaÅŸ,1
1455,atma,1
1456,kalmasÄ±nÄ±,1
1457,Ã¼zdÃ¼ler,1
1458,binanÄ±n,1
1459,sini,1
1460,joy,1
1461,aÄŸzÄ±n,1
1462,yaÅŸÄ±n,1
1463,aslÄ±nda,1
1464,eÄŸer,1
1465,HALÄ°MDEN,1
1466,evde,1
1467,kalktÄ±m,1
1468,tutmasÄ±,1
1469,kalsanÄ±z,1
1470,PAÅA,1
1471,aleykÃ¼m,1
1472,kalÄ±yor,1
1473,olduÄŸum,1
1474,verin,1
1475,gÃ¶tÃ¼reyim,1
1476,problem,1
1477,ulaÅŸÄ±lmasÄ±,1
1478,otururken,1
1479,sardÄ±,1
1480,yakasÄ±na,1
1481,darlayÄ±p,1
1482,hÄ±zlÄ±,1
1483,sabaha,1
1484,Ä°ÅŸine,1
1485,Seni,1
1486,aldÄ±ÄŸÄ±,1
1487,kadÄ±nlardan,1
1488,Haziran,1
1489,aÅŸk,1
1490,anneme,1
1491,linÃ§,1
1492,dÃ¼ÅŸÃ¼rmem,1
1493,bacaÄŸÄ±mÄ±,1
1494,ettin,1
1495,Aforizma,1
1496,Ä°nsanlarÄ±,1
1497,Her,1
1498,action,1
1499,kediyiimben,1
1500,naptÄ±n,1
1501,oldum,1
1502,Bende,1
1503,bilgisayar,1
1504,konuÅŸma,1
1505,SanÄ±rÄ±m,1
1506,birde,1
1507,kÄ±zÄ±l,1
1508,bazÄ±larÄ±,1
1509,satÄ±n,1
1510,Onlar,1
1511,evlendim,1
1512,KadÄ±nlarÄ±,1
1513,basmÄ±yor,1
1514,atÄ±yorsun,1
1515,yurtta,1
1516,saatlerine,1
1517,kenarÄ±na,1
1518,olucam,1
1519,doyamÄ±yorum,1
1520,atsam,1
1521,BEN,1
1522,yarar,1
1523,Ã§alÄ±ÅŸtÄ±m,1
1524,nÃ¶beti,1
1525,sÃ¶zÃ¼m,1
1526,nesin,1
1527,gÃ¼naydÄ±n,1
1528,olcam,1
1529,binip,1
1530,memeni,1
1531,ateist,1
1532,SevdiÄŸim,1
1533,TatlÄ±m,1
1534,baÅŸladÄ±m,1
1535,sakin,1
1536,BÄ°RAZ,1
1537,bedriye,1
1538,eril,1
1539,boÅŸuna,1
1540,evdeki,1
1541,ediyor,1
1542,vakit,1
1543,sanmÄ±ÅŸsÄ±n,1
1544,Kendinizi,1
1545,takÄ±p,1
1546,yaÅŸasam,1
1547,senden,1
1548,dikkat,1
1549,gÃ¼ldÃ¼rmek,1
1550,kenarinda,1
1551,yedirecek,1
1552,sandÄ±m,1
1553,Ã¶ÄŸreteceÄŸim,1
1554,saat,1
1555,utandÄ±rÄ±yor,1
1556,notlar,1
1557,poÅŸet,1
1558,izin,1
1559,gelirse,1
1560,fiyakalÄ±,1
1561,kalabiliyorum,1
1562,gÃ¼nkÃ¼,1
1563,kendimi,1
1564,ayolll,1
1565,kÃ¶lesi,1
1566,kaldÄ±r,1
1567,LeydiBerra,1
1568,hoÅŸuma,1
1569,hata,1
1570,gÃ¶steriyorum,1
1571,kaldÄ±rÄ±mlarda,1
1572,sigarayÄ±,1
1573,hayatÄ±nda,1
1574,kÃ¼ltÃ¼rlÃ¼sÃ¼nÃ¼z,1
1575,gelinin,1
1576,arkdslr,1
1577,sevdikten,1
1578,diyen,1
1579,oluyorsunuz,1
1580,Genelevler,1
1581,Ä°yi,1
1582,ZAFERÄ°M,1
1583,Ã§ubuk,1
1584,cennet,1
1585,AMK,1
1586,Ateist,1
1587,koala,1
1588,41,1
1589,tatili,1
1590,19,1
1591,reyonundan,1
1592,kuyum,1
1593,Ã¶lsen,1
1594,ÅŸekli,1
1595,acaba,1
1596,Anne,1
1597,geÃ§ireyim,1
1598,KarÅŸÄ±,1
1599,gÃ¶rÃ¼yorsanÄ±z,1
1600,EDERÄ°M,1
1601,Beyefendi,1
1602,etrafÄ±mdaki,1
1603,istemiyorum,1
1604,araaaamazsaan,1
1605,gÄ±cÄ±k,1
1606,koyduÄŸu,1
1607,yavÅŸaklardan,1
1608,burnumu,1
1609,yarattÄ±ÄŸÄ±,1
1610,isterseniz,1
1611,yer,1
1612,biriniz,1
1613,nereye,1
1614,YaÅŸasÄ±n,1
1615,bilgili,1
1616,HARMAN,1
1617,biriyle,1
1618,saattir,1
1619,Ä°nanÃ§,1
1620,yeaa,1
1621,yapÄ±yorsunuz,1
1622,korkusu,1
1623,kimsin,1
1624,yaratmadÄ±ÄŸÄ±nÄ±,1
1625,BazÄ±larÄ±nÄ±zÄ±,1
1626,yether,1
1627,uyuz,1
1628,ÅŸÃ¼kÃ¼rler,1
1629,kovalansÄ±n,1
1630,ANLAMI,1
1631,adamÄ±n,1
1632,Hissedeceksiniz,1
1633,yara,1
1634,lÃ¼tfen,1
1635,Sigara,1
