text,created_at,lang
RT  azyazarozyazarr  Yeliz Koray Ä±n bugÃ¼n yazdÄ±ÄŸÄ±  YERÄ°M DESTANINIZI   isimli yazÄ± 
Bu yazÄ±nÄ±n altÄ±na imzamÄ± atÄ±yorum  milyonlarca insanÄ±nâ€¦ ,Sat Jul 15 19:46:54 +0000 2017 ,tr 
RT  nrsnyldrm  ZamanÄ±nda Apo piÃ§ine sayÄ±n  Feto piÃ§ine hoca diyen yavÅŸaklardan olmadÄ±k 
YAÅA MUSTAFA KEMAL PAÅA YAÅA  ,Sat Jul 15 18:07:26 +0000 2017 ,tr 
RT  alperment  Demokrasiyi yok edip yerine Teokratik bir dÃ¼zen kurmaya Ã§alÄ±ÅŸanlarÄ±n Demokrasi nÃ¶beti tutmasÄ±  ya nÃ¶ropiskolojik bir vakadÄ±râ€¦ ,Sat Jul 15 10:28:11 +0000 2017 ,tr 
RT  tolunaybeydicen  ARZ EDERÄ°M
BENÄ°M DESTANIM 18 Mart 
EGEMENLÄ°ÄÄ°M 23 Nisan 
BAÄIMSIZLIÄIM 19 MayÄ±s 
ZAFERÄ°M 30 AÄŸustos 
DEMOKRASÄ°M 29 Ekiâ€¦ ,Sat Jul 15 10:19:15 +0000 2017 ,tr 
RT  kukumela  kediler bulunduklarÄ± yerin ÅŸeklini alÄ±rlar   ,Fri Jul 14 20:05:37 +0000 2017 ,tr 
 disloyaltyy Benim yanÄ±mdalar ,Fri Jul 14 20:01:19 +0000 2017 ,tr 
Daha fazlasÄ±nÄ± isterken elimdekileri de kaybetmekten yoruldum ,Fri Jul 14 17:40:53 +0000 2017 ,tr 
RT  beklentileruzer    Hayal kÄ±rÄ±klÄ±ÄŸÄ± nedir 
 13â€²Ã¼nde dÃ¼nyayÄ± deÄŸiÅŸtirecek planlar yaparken  yaÅŸÄ±n bÃ¼yÃ¼dÃ¼kÃ§e odanÄ± dahi deÄŸiÅŸtiremeyeceÄŸinâ€¦ ,Fri Jul 14 01:26:53 +0000 2017 ,tr 
RT  icarusvari  iliÅŸki anlayÄ±ÅŸÄ±nÄ±z karÅŸÄ±dakini darlayÄ±p aldÄ±ÄŸÄ± nefese kadar hesap sormak olduÄŸu iÃ§in evet benden iÄŸrenÃ§ bi sevgili olur  ,Fri Jul 14 01:26:11 +0000 2017 ,tr 
RT  tolunaybeydicen  HalledemeyeceÄŸiz  ,Fri Jul 14 01:24:37 +0000 2017 ,tr 
RT  beklentileruzer  Tenimdeki tÃ¼m yaralarÄ±n geÃ§eceÄŸini biliyorum  Ä°z kalmasÄ±nÄ± problem etmem  yara izlerini seviyorum ben  ,Fri Jul 14 01:24:18 +0000 2017 ,tr 
GÃ¶ze alabildiÄŸin kadar yaÅŸarsÄ±n hayatÄ± ,Fri Jul 14 01:21:55 +0000 2017 ,tr 
Bende finansal kÃ¶le istiyorum ya ,Thu Jul 13 17:34:43 +0000 2017 ,tr 
RT  MTanal  Ne ÅŸeriat ne darbe YaÅŸasÄ±n tam baÄŸÄ±msÄ±z demokratik laik TÃ¼rkiye ,Thu Jul 13 13:48:08 +0000 2017 ,tr 
Bu dÃ¼nya yÃ¼kseklik korkusu olan insanÄ± bir binanÄ±n Ã§atÄ±sÄ±ndan atlatacak kadar acÄ±masÄ±zdÄ± belki de ,Wed Jul 12 23:40:06 +0000 2017 ,tr 
RT  alpixella  bu tiviti sadece ÅŸerefsizler fav ve rt atabilir ,Wed Jul 12 21:14:26 +0000 2017 ,tr 
 kukumela Seni seviyorum ,Wed Jul 12 19:59:57 +0000 2017 ,tr 
RT  action  man  HiÃ§bir ÅŸey yazmadan Ã¼lkenin iki farklÄ± gÃ¶rÃ¼ÅŸÃ¼nÃ¼ anlat deseler ancak bu kadar gÃ¼zel anlatÄ±labilirmiÅŸ   ,Mon Jul 10 10:49:09 +0000 2017 ,tr 
YalnÄ±z bilet alÄ±rken Ã§antadan Ã§orabÄ±mÄ± dÃ¼ÅŸÃ¼rmem ve adamÄ±n hanfendi Ã§orabÄ±nÄ±z dÃ¼ÅŸtÃ¼ diye baÄŸÄ±rmasÄ±         ,Mon Jul 10 03:09:20 +0000 2017 ,tr 
SabahÄ±n 5 inde kalktÄ±m amk ,Mon Jul 10 03:08:32 +0000 2017 ,tr 
Ulan sivas benim senden Ã§ektiÄŸim nedir nediiiiir     1 1 1 1  ,Mon Jul 10 03:08:14 +0000 2017 ,tr 
HayatÄ±mda sÃ¼nnet dÃ¼ÄŸÃ¼nÃ¼ kadar saÃ§ma bir ÅŸey gÃ¶rmedim ya neden Ã§ocuÄŸun Ã§Ã¼kÃ¼ kesiliyor diye dÃ¼ÄŸÃ¼n yapar ki bir insan ,Sat Jul 08 10:00:31 +0000 2017 ,tr 
 caglarakgll Abi midem bulandÄ± amk ,Sat Jul 08 09:55:42 +0000 2017 ,tr 
Ya bu uyku felÃ§lerinden ben bÄ±ktÄ±m sen bÄ±kmadÄ±n karabasan kardeÅŸ ,Sat Jul 08 09:43:31 +0000 2017 ,tr 
Neler hissettiÄŸimi anlamanÄ±z iÃ§in illa Ã¶lmem mi gerekiyor orospu Ã§ocuklarÄ± ,Fri Jul 07 23:55:15 +0000 2017 ,tr 
BazÄ±larÄ±nÄ±zÄ± engelliyorsam beni sinirlendirebildiÄŸinizden deÄŸil bu kadar aptallÄ±ÄŸa tahammÃ¼lÃ¼m olmadÄ±ÄŸÄ±ndandÄ±r ,Fri Jul 07 23:53:16 +0000 2017 ,tr 
Birlikte intihar planlarÄ± yapabileceÄŸim biriyle tanÄ±ÅŸtÄ±m Ã§ok mutluyum ,Fri Jul 07 23:51:27 +0000 2017 ,tr 
Oysa ben evi gÃ¼nde 3 defa temizlemeye razÄ±ydÄ±m eÄŸer annem evde kedi beslememe izin verseydi       ,Fri Jul 07 23:50:55 +0000 2017 ,tr 
RT  kukumela  kÃ¼Ã§Ã¼kken ayaÄŸÄ± aÄŸrÄ±yor diye arkadaÅŸÄ±mÄ± hocaya gÃ¶tÃ¼rmÃ¼ÅŸlerdi hoca gelip okudu diÄŸer ayaÄŸÄ± da aÄŸrÄ±maya baÅŸladÄ± o gÃ¼nden beri diâ€¦ ,Fri Jul 07 23:49:41 +0000 2017 ,tr 
Biri saÃ§Ä±mla oynasa da uyusam ya amk ,Fri Jul 07 21:23:48 +0000 2017 ,tr 
SanÄ±rÄ±m kusucaÃ¶ ,Fri Jul 07 21:23:30 +0000 2017 ,tr 
BugÃ¼n gÃ¼nlerden sabaha kadar balkonda oturup sigara iÃ§mek      ,Fri Jul 07 21:07:36 +0000 2017 ,tr 
RT  feyzaltun  Hani tecavÃ¼z deyince kafan basmÄ±yor  bak ne gÃ¼zel Ã¶rneklemiÅŸ kardeÅŸim   ,Fri Jul 07 20:55:46 +0000 2017 ,tr 
Gideyim de menemen yapayÄ±m bari nede olsa bildiÄŸim tek yemek     ,Fri Jul 07 19:27:06 +0000 2017 ,tr 
Bu kadar kalpsiz bu kadar kÄ±rÄ±cÄ± bu kadar duygusuz olmayÄ±n nolur ,Fri Jul 07 01:11:42 +0000 2017 ,tr 
Ä°nsan olduÄŸunuzu ve karÅŸÄ±nÄ±zdakinin insan olduÄŸunu unutmayÄ±n nolur ,Fri Jul 07 01:10:37 +0000 2017 ,tr 
Of kahvaltÄ±ya gidecektik uyanmayÄ± unuttum amk amk amk ,Thu Jul 06 11:41:29 +0000 2017 ,tr 
Gidecek bir yerim yoktu  sen benim kalabileceÄŸim tek yeri yaktÄ±n  ,Wed Jul 05 22:52:05 +0000 2017 ,tr 
FotoÄŸraflarÄ±ma yorum yapÄ±p sonra siliyorsunuz ya kendi kendime konuÅŸmuÅŸ gibi kalÄ±yorum aÄŸzÄ±nÄ±zÄ± yÃ¼zÃ¼nÃ¼zÃ¼ sikesim geliyor ,Wed Jul 05 22:44:56 +0000 2017 ,tr 
Yine bir ÅŸeyler boka sardÄ± toparlayamÄ±ycaz galiba ,Wed Jul 05 16:53:30 +0000 2017 ,tr 
RT  kediyiimben  kedileri sevdikten sonra ellerinizi yÄ±kamanÄ±za da baya bir kÄ±rgÄ±nÄ±m ,Wed Jul 05 16:52:55 +0000 2017 ,tr 
RT  kukumela  duÅŸa girip biraz aÄŸlayayÄ±m yoksa annem kÄ±zÄ±yor yerleri Ä±slatÄ±yorum diye  ,Wed Jul 05 16:47:52 +0000 2017 ,tr 
RT  yuhlitoris  naparsanÄ±z yapÄ±n bÄ±rakmÄ±yorum sigarayÄ± isterseniz kÃ¼Ã§Ã¼k altÄ±nla satÄ±n bahÃ§eye eker biÃ§er dÃ¶ver yine iÃ§erim ,Sun Jul 02 16:15:23 +0000 2017 ,tr 
RT  icarusvari  nazik davranan herkesi size yÃ¼rÃ¼yor sanÄ±yorsunuz  iki kelime konuÅŸuyoruz aha flÃ¶rt diyorsunuz  hiÃ§ mi sevmediler sizi bu naâ€¦ ,Thu Jun 29 12:26:34 +0000 2017 ,tr 
BÃ¶cek korkusundan balkonda telefon flaÅŸÄ±yla oturuyorum amk ,Wed Jun 28 21:11:13 +0000 2017 ,tr 
Ulan Ã§ok gÃ¼zelim beeeeeee ,Wed Jun 28 19:54:11 +0000 2017 ,tr 
Ulan Ã§ocuk taÅŸ mÄ±sÄ±n nesin allaaah ,Wed Jun 28 19:43:23 +0000 2017 ,tr 
SevdiÄŸim tek meyve ÅŸeftali oda alerji yapÄ±yor  Ben size hayattaki ÅŸansÄ±mÄ± daha nasÄ±l anlatayÄ±m  ,Wed Jun 28 01:58:48 +0000 2017 ,tr 
RT  nrsnyldrm  Biz rakÄ±yÄ± yaramÄ±za kadar koyacaksak  o bardak taÅŸar  ,Tue Jun 27 18:42:44 +0000 2017 ,tr 
BÃ¶cek yazÄ±nca emojide Ã§Ä±kan bÃ¶cek ÅŸeysini gÃ¶rÃ¼p ekrana bÃ¶cek kondu sandÄ±m yine korktum amk ya aÄŸliycim ,Tue Jun 27 18:40:23 +0000 2017 ,tr 
Ulan ÅŸerefsiz bÃ¶cek nasÄ±l gelip bacaÄŸÄ±mÄ± buldun kalp krizi geÃ§iriyordum yine ya ,Tue Jun 27 18:39:38 +0000 2017 ,tr 
 TanerOZ7 Muck ,Tue Jun 27 18:36:45 +0000 2017 ,en 
 TanerOZ7 Tabiki Taner dlssksksk ,Tue Jun 27 18:36:14 +0000 2017 ,tl 
 TanerOZ7 Yani evet    ,Tue Jun 27 18:35:21 +0000 2017 ,tr 
 TanerOZ7 Neden peki      ,Tue Jun 27 18:33:32 +0000 2017 ,tr 
Ulan sÄ±rf gÃ¼zel gÃ¼zel fotoÄŸraflarÄ±nÄ± Ã§ekip paylaÅŸmak iÃ§in Ã§ocuk yapasÄ±m var ,Tue Jun 27 18:25:17 +0000 2017 ,tr 
Hayat pÄ±rasa ve ben pÄ±rasa sevmem ,Tue Jun 27 18:17:19 +0000 2017 ,tr 
Biri ojelerimi silse de yenisini sÃ¼rse Ã§ok Ã¼ÅŸeniyom oaff ,Mon Jun 26 23:12:47 +0000 2017 ,tr 
Ya sen ne orospu Ã§ocuÄŸu Ã§Ä±ktÄ±n nasÄ±l bilemedik ,Mon Jun 26 23:11:42 +0000 2017 ,tr 
41 saattir uyumuyorum ve inatla uyumuyorum uyumuycam amk ,Mon Jun 26 23:11:17 +0000 2017 ,tr 
 disloyaltyy Hem engelliyor hem de hesabÄ±ma girip tekrar takip ediyor allan boku ,Mon Jun 26 21:52:10 +0000 2017 ,tr 
 disloyaltyy Engellemeyenin amÄ±na koyim ,Mon Jun 26 21:43:43 +0000 2017 ,tr 
Ulan keÅŸke yalnÄ±z yaÅŸasam tam bana gÃ¶re bir ÅŸey fiyuu ,Mon Jun 26 21:26:26 +0000 2017 ,tr 
RT  beklentileruzer  Zaman seni ufak bir anÄ±ya muhtaÃ§ edip saatlerce aÄŸlatsÄ±n isterdim  ,Mon Jun 26 20:15:10 +0000 2017 ,tr 
Ramazan bitince mÃ¼slÃ¼man olduÄŸunuzu unutmasanÄ±z iyi insanlarsÄ±nÄ±z aslÄ±nda ,Mon Jun 26 20:14:24 +0000 2017 ,tr 
RT  beklentileruzer  sÄ±rf bayram diye kÃ¼sler barÄ±ÅŸmasÄ±n  yapÄ±lan kahpelikler unutulmasÄ±n  ,Mon Jun 26 14:42:31 +0000 2017 ,tr 
 hale yavuzz KÄ±zÄ±m kÄ±skanÄ±yoruz yapma ayolll dkdkdksk ,Mon Jun 26 07:40:01 +0000 2017 ,tr 
Onun iÃ§in deÄŸerli olduÄŸunu sandÄ±ÄŸÄ±n insanÄ±n hayatÄ±nda bir hiÃ§ olduÄŸunu anladÄ±ÄŸÄ±n zaman hayattan bir miktar soÄŸuyorsun ,Mon Jun 26 07:35:03 +0000 2017 ,tr 
RT  ozansomel  gece balkonda otururken bir ÅŸeylere inanmaya duyulan o ihtiyaÃ§ ,Thu Jun 22 22:57:45 +0000 2017 ,tr 
KÄ±zÄ±m senin memen yok sen konuÅŸma amk ,Thu Jun 22 18:47:55 +0000 2017 ,tr 
YaptÄ±ÄŸÄ±m her ÅŸeyi taklit edeceÄŸine git shopla memeni falan bÃ¼yÃ¼lt amk ,Thu Jun 22 02:33:49 +0000 2017 ,tr 
Ben oje sÃ¼rdÃ¼m ya ihtiyacÄ±m olan her ÅŸey ulaÅŸÄ±lmasÄ± en gÃ¼Ã§ yerde olmak zorunda ,Wed Jun 21 23:02:37 +0000 2017 ,tr 
RT  tolunaybeydicen  Neden gayler biseksÃ¼eller interseksÃ¼eller lezbiyenler yok sayÄ±lÄ±yor  BatsÄ±n eril heteroseksist egemenliÄŸiniz aq  ,Wed Jun 21 17:49:26 +0000 2017 ,tr 
RT  tolunaybeydicen  Amk kÄ±zlarÄ±n giydikleri ÅŸeyler size batÄ±yosa bakmayÄ±n sizde o zaman orospu Ã§ocuklarÄ± ,Wed Jun 21 17:24:56 +0000 2017 ,tr 
Siz bana bÃ¶yle gÄ±cÄ±k oluyorsunuz ya nasÄ±l mutlu oluyorum anlatamam           ,Wed Jun 21 16:38:53 +0000 2017 ,tr 
 bahargunes435 Tamam o zaman iÃ§im rahat uyuyayÄ±m dksmsmsms ,Tue Jun 20 20:38:33 +0000 2017 ,tr 
 bahargunes435 bende senin bitane var ya dkdmdmdmdmdmd ,Tue Jun 20 20:35:57 +0000 2017 ,cs 
RT  cileekkokusuuu  Sabahtan beri Fi izliyorum umarÄ±m Can gibi sevmeyene adam demiyoruzdur ,Mon Jun 19 09:01:38 +0000 2017 ,tr 
RT  kukumela  iyiyim iÅŸte ne yapayÄ±m ben de banyoya girdim aÄŸlÄ±yorum  annem duÅŸ alÄ±yorum sanÄ±yo  ,Sun Jun 18 22:03:08 +0000 2017 ,tr 
Biz o adÄ±na ÅŸiir yazÄ±lan kadÄ±nlardan deÄŸil babasÄ±nÄ±n daha Ã¶lmeden mezara koyduÄŸu kÄ±z Ã§ocuklarÄ±ndanÄ±z ,Sat Jun 17 23:09:09 +0000 2017 ,tr 
Son 2 gÃ¼ndÃ¼r yalnÄ±zlÄ±ÄŸÄ±n amÄ±na koydum tÅŸkklr etrafÄ±mdaki insancÄ±klar ,Sat Jun 17 23:05:34 +0000 2017 ,tr 
Fi dizisi resmen  bir kadÄ±n nasÄ±l kaybedilir  i anlatmÄ±yor mu ya  ,Sat Jun 17 21:18:36 +0000 2017 ,tr 
RT  kukumela  gÃ¼naydÄ±n bedriye abla  sevgilimi Ã¶ldÃ¼rdÃ¼m de  fazla poÅŸet var mi sende  ,Sat Jun 17 11:25:07 +0000 2017 ,tr 
Ã‡ocuklara bebeklere tecavÃ¼z edilmesine gÃ¶z yuman tanrÄ± senin lys sÄ±navÄ±na yardÄ±m etmez kusura bakma ,Fri Jun 16 16:26:34 +0000 2017 ,tr 
RT  hale yavuzz  Bu askimsu ne kadar iÄŸrenÃ§ bi seslenme ÅŸekli gerÃ§ekten AÄŸlÄ±yorum ÅŸu an ğŸ˜‚ ,Thu Jun 15 20:22:25 +0000 2017 ,tr 
 marjinalkizx Aksini sÃ¶ylemedim ki be be ÄŸimğŸ’ğŸ¼ ,Thu Jun 15 18:24:46 +0000 2017 ,tr 
Anne niye beni sÃ¼mÃ¼klÃ¼m diye seviyon anneeeeeee        ,Thu Jun 15 18:18:12 +0000 2017 ,tr 
RT  LGBTTurkiye  Sezen Aksu   KadÄ±nÄ±  erkeÄŸi  transÄ±  geyi yok  aÅŸk gÃ¶kyÃ¼zÃ¼ gibi  herkesindir   ,Thu Jun 15 08:48:31 +0000 2017 ,tr 
RT  Fatality794    Åeytan diye bir ÅŸey olmadÄ±ÄŸÄ±nÄ± bilmiyor musunuz  o yalnÄ±zca TanrÄ±â€™nÄ±n sarhoÅŸ hali    ,Thu Jun 15 08:27:45 +0000 2017 ,tr 
RT  Fatality794  Muhammed kendine  yarattÄ±ÄŸÄ± tanrÄ± sayesinde ordular ve harem kuruyor 
KadÄ±nlarÄ± hiÃ§e sayÄ±p erkekleri yÃ¼celtiyor   ,Thu Jun 15 08:24:17 +0000 2017 ,tr 
RT  Fatality794  TanrÄ±  zalim olan  TanrÄ±  intikamcÄ± olan  TanrÄ±  kÄ±skanÃ§ olan  TanrÄ±  soykÄ±rÄ±mcÄ± olan onun tek Ã¶zrÃ¼ var olmamasÄ± olabilir  ,Thu Jun 15 08:18:59 +0000 2017 ,tr 
RT  Ateist Aforizma  Ä°nanÃ§ iÃ§in kendini 12 saat aÃ§ bÄ±rakÄ±p sonra hunharca yemek yemek ibadet  savunduÄŸu haklarÄ±na dikkat Ã§ekmek iÃ§in aÃ§lÄ±kâ€¦ ,Thu Jun 15 08:16:04 +0000 2017 ,tr 
Beni sahura deÄŸil dansa kaldÄ±r ,Thu Jun 15 08:12:48 +0000 2017 ,tr 
ArkadaÅŸ diye peynir reyonundan kaÅŸar almÄ±ÅŸÄ±z haberimiz yokmuÅŸ ,Thu Jun 15 08:11:04 +0000 2017 ,tr 
Az Ã¶nce baÅŸÄ± kapalÄ± olup diz Ã¼stÃ¼ etek giyen bir kadÄ±n gÃ¶rdÃ¼m de merak ediyorum bu neyin kafasÄ±  ,Thu Jun 15 08:05:18 +0000 2017 ,tr 
KÄ±zÄ±m sokaÄŸÄ±n ortasÄ±nda laf atmak varoÅŸluÄŸun kaÃ§Ä±ncÄ± evresi  ,Thu Jun 15 08:02:14 +0000 2017 ,tr 
Ulan orospu Ã§ocuklarÄ± ilk gÃ¼nkÃ¼ gibi kalsanÄ±z ne olur  ,Thu Jun 15 07:59:07 +0000 2017 ,tr 
RT  BugraYt  YÄ±llardÄ±r cehennem gibi bir yere cennet muamelesi yaptÄ±nÄ±z Kendinizi kandÄ±rdÄ±nÄ±z
Burda Ã§ocuklarÄ±n burda kadÄ±nlarÄ±n burda insanâ€¦ ,Tue Jun 13 22:39:33 +0000 2017 ,tr 
RT  Behzatc replik  Ben Ã§ok sevdim  ondan bÃ¶yleyim  ,Tue Jun 13 20:49:47 +0000 2017 ,tr 
Ä°nsan  insana ev olmalÄ± ,Tue Jun 13 20:05:18 +0000 2017 ,tr 
TatlÄ±m siz bÃ¶yle her ÅŸeyi kÄ±skanacak mÄ±sÄ±nÄ±z  ,Tue Jun 13 00:46:27 +0000 2017 ,tr 
Aramazsan aramaa yar araaaamazsaan aramaaaaaa ,Sun Jun 11 21:08:35 +0000 2017 ,tr 
 caglarakgll Kesinlikle ğŸ™„ ,Sat Jun 10 21:48:20 +0000 2017 ,tr 
KÄ±zlar  erkekler Ã§ok basit varlÄ±klar niye onlar iÃ§in aÄŸlÄ±yorsunuz mal mÄ±sÄ±nÄ±z amk ,Sat Jun 10 21:44:17 +0000 2017 ,tr 
Sensin benim en derin kuyum orospu Ã§ocuÄŸu ,Sat Jun 10 21:42:25 +0000 2017 ,tr 
Siktir et ,Sat Jun 10 21:15:18 +0000 2017 ,tr 
HayatÄ±m orospu Ã§ocuklarÄ±yla dolu ,Sat Jun 10 21:15:11 +0000 2017 ,tr 
HANGÄ°NÄ°Z 5 PARA EDER GÃ–STERÄ°N SATIN ALAYIM   ,Sat Jun 10 18:13:16 +0000 2017 ,tr 
Genelevler evin olmuÅŸ hey yavrum heeey ,Fri Jun 09 20:52:15 +0000 2017 ,tr 
RT  cokiciyosun  Bizi de Ã¼zdÃ¼ler ama kimsenin duygularÄ±nÄ±n amÄ±na koymadÄ±k ,Fri Jun 09 20:48:04 +0000 2017 ,tr 
 mstafatnrvrdi Snne ğŸ™„ ,Fri Jun 09 20:25:56 +0000 2017 ,tr 
Kendimi balkondan mÄ± atsam acaba diyorum  boÅŸver yaa  diyor  Bu biraz gÃ¼lÃ¼msetti ,Fri Jun 09 00:16:05 +0000 2017 ,tr 
Bana gÃ¶re herkes gÃ¼venilmez birer orospu Ã§ocuÄŸu belki bazÄ±larÄ± biraz daha az ,Fri Jun 09 00:15:01 +0000 2017 ,tr 
RT  nrsnyldrm  Kibiriniz Ã¶yle boÅŸuna ki 
Az sonra rastgele sÄ±kÄ±lmÄ±ÅŸ bir kurÅŸun sizin pencerenizi kÄ±rÄ±p  kalbinizi durdurabilir  ,Thu Jun 08 20:50:40 +0000 2017 ,tr 
Åu mutluluÄŸun sÃ¼rekli olanÄ± yok mu hep kursaÄŸÄ±mda kalÄ±yor ulan ,Thu Jun 08 20:05:06 +0000 2017 ,tr 
Ne kaÃ§an kovalansÄ±n ne kovalanan kaÃ§sÄ±n her ÅŸey karÅŸÄ±lÄ±klÄ± olsa olmuyor mu amk sikicem egonuzu insan olun insan ,Thu Jun 08 20:03:55 +0000 2017 ,tr 
Vur dedik kombo yaptÄ±n knk napÄ±yon ,Thu Jun 08 15:40:19 +0000 2017 ,tr 
SÄ±caktan sokakta duramÄ±yoruz mikail naptÄ±n amk ,Thu Jun 08 15:39:16 +0000 2017 ,tr 
Bu aralar bir sana birde uykuya doyamÄ±yorum orospu Ã§ocuÄŸu ,Thu Jun 08 15:38:57 +0000 2017 ,tr 
RT  alitbalci  MutluluÄŸa tepki olarak doÄŸmuÅŸum  ,Wed Jun 07 20:33:57 +0000 2017 ,tr 
RT  ateriadaptoru  kardeÅŸim herÅŸeye zararlÄ± diyorsunuz 100 yaÅŸÄ±na kadar yaÅŸama gibi amacÄ±m yok ben burada istiyorum ki iyi vakit geÃ§ireyim ,Tue Jun 06 17:50:45 +0000 2017 ,tr 
RT  nrsnyldrm  Valla bence Haziran da Ã¶lememek de zor  ,Mon Jun 05 13:51:22 +0000 2017 ,tr 
YazÄ±n gelmesiyle arÄ±lar Ã§Ä±kmaya ben de delirmeye baÅŸladÄ±m ,Mon Jun 05 11:27:47 +0000 2017 ,tr 
Sabah iki yÃ¼zÃ¼ne birden makyaj yapmak zor olmalÄ± yelloz seni ,Mon Jun 05 11:21:49 +0000 2017 ,tr 
SevmediÄŸim insanlar bunu gÃ¶rÃ¼yorsanÄ±z GEBERÄ°N ,Mon Jun 05 11:20:31 +0000 2017 ,tr 
SÄ±radaki mutluluÄŸum eski sevgilime girsin ,Mon Jun 05 11:19:39 +0000 2017 ,tr 
Bebeyim senin ruhun varoÅŸ  cool olucam diye gÃ¶tÃ¼nÃ¼ yÄ±rtsan neye yarar  ,Mon Jun 05 11:03:47 +0000 2017 ,tr 
CanÄ±m bana kulaklÄ±ktaki son ses bile yetmiyor ne demek mÃ¼ziÄŸin sesini kÄ±s  ,Sun Jun 04 21:47:59 +0000 2017 ,tr 
RT  alitbalci  Hayat twitter olsaydÄ± seni profilime sabitlerdim  ,Sun Jun 04 21:46:35 +0000 2017 ,tr 
RT  jokervipx  Hissedeceksiniz amÄ±nakoduklarÄ±m  bir gece yarÄ±sÄ± aÄŸlarken sizi gÃ¼ldÃ¼rmek iÃ§in Ã§abalayan kiÅŸinin yokluÄŸunu iliklerinize kadarâ€¦ ,Sun Jun 04 21:44:59 +0000 2017 ,tr 
Hocam orospu musunuz bu notlar ne amk ,Sat Jun 03 20:32:20 +0000 2017 ,tr 
Olum benim iÃ§im yanÄ±yo ,Sat Jun 03 19:59:51 +0000 2017 ,tr 
RT  beklentileruzer  Benim atlamayÄ± dÃ¼ÅŸÃ¼ndÃ¼ÄŸÃ¼m balkonlarda siz pazar kahvaltÄ±larÄ± yapÄ±yorsunuz  Hayat adil deÄŸil  ,Sat Jun 03 19:15:00 +0000 2017 ,tr 
RT  otekidunyali  Hic tanimadigim ve bi daha hic gormeyecegim birine  deniz kenarinda oturup tum olanlari ve ne hissedip ne hissetmedigimiâ€¦ ,Sat Jun 03 13:35:52 +0000 2017 ,tr 
RT  dusukgucmodu  Ä°nsanlarÄ± delirtip delirtip  ben senin bÃ¶yle biri olduÄŸunu bilmiyordum  diyorsun  Ulan sen delirtmeden Ã¶nce ben bÃ¶yle deÄŸâ€¦ ,Sat Jun 03 13:09:01 +0000 2017 ,tr 
Olum ne zaman mutlu olucaz amk ,Sat Jun 03 13:07:40 +0000 2017 ,tr 
RT  nrsnyldrm  Her ÅŸeye tahammÃ¼l edebiliyorum  her konuda inanÄ±lmaz sakin kalabiliyorum ama insanÄ±n gerizekalÄ±sÄ±na tahammÃ¼l edemiyorum  SAKâ€¦ ,Sat Jun 03 13:07:18 +0000 2017 ,tr 
ArkadaÅŸlar beni Ã§ok ciddiye alÄ±yorsunuz almayÄ±n ,Sat Jun 03 13:06:17 +0000 2017 ,tr 
Ya ÅŸu kaldÄ±rÄ±mlarda ya hÄ±zlÄ± yÃ¼rÃ¼yÃ¼n ya da yol verin amÄ±nÄ±za koycam en sonunda ha ,Sat Jun 03 13:05:47 +0000 2017 ,tr 
RT  LeydiBerra  SeviÅŸiyorsun mutlu sanÄ±yorlar ,Fri Jun 02 19:58:53 +0000 2017 ,tr 
BazÄ± kafa yapÄ±sÄ±ndaki insalarÄ± toplayÄ±p yaksak bu Ã¼lke belki geliÅŸir ,Fri Jun 02 15:01:08 +0000 2017 ,tr 
AÅŸkÄ±m daha karpuz kesecektik nereye gidiyorsun ,Fri Jun 02 15:00:07 +0000 2017 ,tr 
Ben bilgisayar alÄ±rken bile rengine gÃ¶re alÄ±yorum nasÄ±l dÄ±ÅŸ gÃ¶rÃ¼nÃ¼ÅŸe Ã¶nem vermeyeyim ,Fri Jun 02 14:59:25 +0000 2017 ,tr 
RT  jokervipx  Sana inanmÄ±ÅŸlÄ±ÄŸÄ±m seni de utandÄ±rÄ±yor mu   ,Fri Jun 02 14:21:04 +0000 2017 ,tr 
Ben artÄ±k birilerinin yakasÄ±na fotoÄŸrafÄ±m iÄŸnelensin istiyorum ,Thu Jun 01 17:58:10 +0000 2017 ,tr 
GÃ¶tÃ¼nÃ¼zÃ¼ kim kaldÄ±rdÄ±ysa onun yanÄ±na siktir olup gidin sizi Ã§ekemem ,Thu Jun 01 15:09:44 +0000 2017 ,tr 
Beni kÄ±ra kÄ±ra hissizleÅŸtirmiÅŸsiniz orospu Ã§ocuklarÄ± ,Thu Jun 01 13:26:15 +0000 2017 ,tr 
Ulan siz hangi kafayla vazgeÃ§ilmez olduÄŸunuzu dÃ¼ÅŸÃ¼nÃ¼yorsunuz amk ,Thu Jun 01 13:23:22 +0000 2017 ,tr 
Hepiniz Ã¶lseniz ne gÃ¼lerim ha Ã¶yle bÃ¶yle deÄŸil Ã§ok gÃ¼lerim ,Thu Jun 01 13:22:47 +0000 2017 ,tr 
GÃ¶nÃ¼l bu ota da konar boka da orospu Ã§ocuÄŸuna da ,Thu Jun 01 13:21:55 +0000 2017 ,tr 
Sen orospu Ã§ocuÄŸu bile deÄŸilsin orrrrrroosspu Ã§ocuÄŸusun ,Thu Jun 01 13:10:28 +0000 2017 ,tr 
ULAN ANLATSAM AÄLARSINIZ ,Thu Jun 01 01:40:22 +0000 2017 ,tr 
Hepinize uyuz oluyorum AMK ,Thu Jun 01 01:37:56 +0000 2017 ,tr 
YataÄŸa yatÄ±nca gelen Ã§iÅŸ sende ÅŸerefsizsin ,Thu Jun 01 01:37:43 +0000 2017 ,tr 
Ya bu aralar aÅŸÄ±rÄ± sinirliyim biriniz bana atarlansanÄ±za amk ,Thu Jun 01 01:36:52 +0000 2017 ,tr 
Beni siz delirttiniz ,Thu Jun 01 01:35:53 +0000 2017 ,tr 
RT  nrsnyldrm   Ä°ÅŸine gelirse  diye diklenen insanlara  iÅŸini de sikerim  egonu da sikerim  demek en bÃ¼yÃ¼k hobim  ,Thu Jun 01 00:39:30 +0000 2017 ,tr 
PÄ±lÄ±mÄ± pÄ±rtÄ±mÄ± toplayÄ±p gidicem orospu Ã§ocuklarÄ± ,Wed May 31 23:37:14 +0000 2017 ,tr 
Ya ne demek konuÅŸurken gÃ¶zlerimin iÃ§ine bakmÄ±yorsun  ÅŸu aÄŸzÄ±n gÃ¼zelliÄŸine bak sen anlat ben dinliyoruum ,Wed May 31 20:50:29 +0000 2017 ,tr 
 YldrmGokhann En azÄ±ndan batak oynayacak bi sevgilin var dkdkdkdkd ,Wed May 31 19:46:42 +0000 2017 ,tr 
RT  ulkucubey 61  Usta bizim yarÄ±nlar iptal  ,Wed May 31 19:25:19 +0000 2017 ,tr 
BOZAR MI SANDIN ACILAR    ,Wed May 31 17:31:59 +0000 2017 ,tr 
Åiir seven adamlarÄ± Ã¼zmeyin kÄ±zlar ,Wed May 31 13:11:58 +0000 2017 ,tr 
Yahu benim kendime eyvallahÄ±m yok sen kimsin    ,Wed May 31 13:10:57 +0000 2017 ,tr 
MutluluÄŸun ilacÄ± citol arkadaÅŸlar ,Wed May 31 13:09:04 +0000 2017 ,tr 
RT  bahargunes435  Beni yoruyorsunuz     ,Wed May 31 13:07:45 +0000 2017 ,tr 
ArkadaÅŸlar ben ilgiye aÃ§ bir insanÄ±m ,Wed May 31 13:07:23 +0000 2017 ,tr 
Yahu bu adam beni delirtecek ,Wed May 31 12:56:52 +0000 2017 ,tr 
Beyefendi sizi dÃ¼ÅŸÃ¼nmekten uyuyamÄ±yorum amk ,Tue May 30 20:39:08 +0000 2017 ,tr 
Ya mikail baÅŸlÄ±ycam artÄ±k depresyonuna yeter ,Tue May 30 15:59:14 +0000 2017 ,tr 
Ben insanlarÄ± sevemiyorum napayÄ±m ,Tue May 30 15:57:28 +0000 2017 ,tr 
EtrafÄ±ma Ã¶rdÃ¼ÄŸÃ¼m yÃ¼ksek duvarlar Ã¼stÃ¼me Ã§Ã¶ktÃ¼ arkadaÅŸlar ,Tue May 30 13:47:31 +0000 2017 ,tr 
RT  nrsnyldrm  Sen orospu Ã§ocukluÄŸu yapmak ile hata yapmak arasÄ±ndaki farklÄ± karÄ±ÅŸtÄ±rÄ±yorsun  Onlar kanser olmak ile grip olmak kadar ayrÄ±  ,Tue May 30 04:44:12 +0000 2017 ,tr 
RT  SansuRJxx  ben Ã§ok sevdiÄŸim birine asla sinirlenemiyorum hemen gÃ¼lesim geliyor hemen bÃ¶yle koala gibi sarÄ±lÄ±p lÃ¼tfen beni Ã¼zme olur muâ€¦ ,Tue May 30 04:43:33 +0000 2017 ,tr 
Kedi gÃ¶rÃ¼p mutlu oluyorum insan gÃ¶rÃ¼p mutsuz oluyorum fak ,Mon May 29 20:35:35 +0000 2017 ,tr 
ULAN BÄ°RAZ Ä°NSAN OLUN ,Mon May 29 20:11:41 +0000 2017 ,tr 
Gidip biraz kedi videosu izleyeyim de mutlu olayÄ±m bari ,Mon May 29 18:58:21 +0000 2017 ,tr 
Kaybedersek de fiyakalÄ± kaybederiz ulan ,Mon May 29 14:27:51 +0000 2017 ,tr 
BugÃ¼n  allahÄ±m beni bazÄ± insanlar kadar gerizekalÄ± yaratmadÄ±ÄŸÄ±nÄ± iÃ§in ÅŸÃ¼kÃ¼rler olsun  diyecek gibi oldum sonra ateist olduÄŸum aklÄ±ma geldi ,Mon May 29 14:18:48 +0000 2017 ,tr 
Of yine atarlÄ± uyandÄ±m ya GÃœNAYMADI ,Mon May 29 08:12:34 +0000 2017 ,tr 
BENÄ° HAR VURUP HARMAN SAVURUP DURMA OÃ‡ ,Sun May 28 21:35:41 +0000 2017 ,tr 
DuygularÄ±m dÃ¼ÅŸÃ¼ncelerim arap saÃ§Ä±na dÃ¶ndÃ¼ arkadaÅŸlar ,Sun May 28 17:57:03 +0000 2017 ,tr 
2 gÃ¼n mutlu ettin ya hemen Ã¼z zaten ÅŸerefsiz ,Sun May 28 17:44:52 +0000 2017 ,tr 
RT  disloyaltyy  gereksiz insanlarÄ±n gereksiz ego kasmalarÄ± alllaahhh kusucam Ã§ekilinnn ,Sun May 28 17:01:10 +0000 2017 ,tr 
Bana seni seviyorum demeyin kinder joy alÄ±n ,Sun May 28 16:55:31 +0000 2017 ,tr 
Olum beni Ã¼zmeyin saÃ§Ä±mla oynayÄ±n ,Sun May 28 16:54:52 +0000 2017 ,tr 
Bence sevgi bu dÃ¼nyadaki en gÃ¼Ã§lÃ¼ ÅŸey o yÃ¼zden beni sevin ,Sun May 28 16:54:09 +0000 2017 ,tr 
Ä°yyici sini yikismiyir sin Ã§ikil vikvikvikvik ,Sun May 28 16:51:35 +0000 2017 ,tr 
Ben dÄ±ÅŸ gÃ¶rÃ¼nÃ¼ÅŸe Ã¶nem veriyorum arkadaÅŸlar ,Sun May 28 16:48:51 +0000 2017 ,tr 
Tamam hoÅŸ insanlarsÄ±nÄ±z bilgili kÃ¼ltÃ¼rlÃ¼sÃ¼nÃ¼z de bu kibir  kendini beÄŸenmiÅŸlik niye  TÃ¼m iyi yanlarÄ±nÄ±zÄ± yok ediyorsunuz farkÄ±nda deÄŸilsiniz ,Sun May 28 16:15:41 +0000 2017 ,tr 
Adam gelmiÅŸ diyor ki  sana aÅŸkÄ± Ã¶ÄŸreteceÄŸim  buna bir miktar gÃ¼ldÃ¼m ,Sun May 28 16:01:10 +0000 2017 ,tr 
AslÄ±nda hiÃ§bir ÅŸey yolunda gitmiyor da size gidiyor gibi gÃ¶steriyorum Ã§Ã¼nkÃ¼ sizi kandÄ±rmak hoÅŸuma gidiyo orospu Ã§ocuklarÄ± ,Sun May 28 16:00:16 +0000 2017 ,tr 
kÄ±rÄ±ldÄ±ÄŸÄ±mÄ± belli edebilmem iÃ§in kÄ±rÄ±lmamÄ±n karÅŸÄ±mdaki iÃ§in bir Ã¶nemi olduÄŸunu bilmem gerekir ,Sun May 28 15:43:07 +0000 2017 ,tr 
insan ÅŸey istiyo  ihtiyaÃ§ duyulmak ,Sun May 28 15:38:36 +0000 2017 ,tr 
TÃ¼rbe gibi kÄ±zÄ±m ya yanÄ±ma gelenin kÄ±smeti aÃ§Ä±lÄ±yor ,Sun May 28 13:09:27 +0000 2017 ,tr 
Yaz tatili iÃ§in tek planÄ±m kulaklÄ±ÄŸÄ± takÄ±p mÃ¼zik eÅŸliÄŸinde gerÃ§ekleÅŸmeyeceÄŸini bildiÄŸim hayaller kurmak ,Sun May 28 12:30:40 +0000 2017 ,tr 
5 yaÅŸÄ±ndan sonra bÃ¼yÃ¼meyi reddettim olum sanane  ,Sun May 28 12:27:39 +0000 2017 ,tr 
Ben hala dalinle yÄ±kanÄ±yorum siz benim kalbimi kÄ±rÄ±yorsunuz ayÄ±p deÄŸil mi ,Sun May 28 12:10:22 +0000 2017 ,tr 
Ä°yi ki bi kÄ±rÄ±ldÄ±ÄŸÄ±mÄ± belli etmemeye Ã§alÄ±ÅŸtÄ±m hemen kÄ±rÄ±lmadÄ±m sanmÄ±ÅŸsÄ±n gerizekalÄ± ,Sun May 28 11:35:05 +0000 2017 ,tr 
 YaaaaÄŸ biz ÅŸimdi neyiiiiizz  demedik diye mi oluyor tÃ¼m bunlar ,Sun May 28 11:31:54 +0000 2017 ,tr 
Ya ben asosyal falan deÄŸilim sadece sizin gibi gerizekalÄ±larla arkadaÅŸ olmak istemiyorum o kadar ,Sun May 28 11:27:03 +0000 2017 ,tr 
Sabah sabah herkes beni delirtmeye yemin mi etti amk ,Sun May 28 10:48:43 +0000 2017 ,tr 
Yap yap fotoÄŸraftaki beneklere kadar aynÄ±sÄ±nÄ± yap aferin gerizekalÄ± ,Sun May 28 08:14:24 +0000 2017 ,tr 
Ya kÄ±zÄ±m Ã§ok Ã¶zentisin keÅŸke Ã¶lsen ,Sun May 28 08:13:51 +0000 2017 ,tr 
Olum benden aldÄ±ÄŸÄ±nÄ±z sigaralarla iftar Ã¼stÃ¼ yapmayÄ±n ben ateistim ,Sun May 28 07:44:05 +0000 2017 ,tr 
Dilimizde akÅŸamdan kalma bir kÃ¼fÃ¼r       ,Sun May 28 07:26:09 +0000 2017 ,tr 
 caglarakgll Ateistiz ama bazen yapÄ±yoruz bÃ¶yle ÅŸeyler ,Sun May 28 07:24:12 +0000 2017 ,tr 
RT  gianluici  Allah da faiz haram diyor orucu bozunca  6000 faiz kitliyor ,Sat May 27 14:02:04 +0000 2017 ,tr 
Naber kapalÄ± kÄ±z parklarda bahÃ§elerde gizli gizli oynaÅŸÄ±p wp durumuna KÃ¼n fe yekÃ¼n yazmaya devam mÄ± ,Sat May 27 11:49:48 +0000 2017 ,tr 
ArkadaÅŸlar Ã§ok Ã¶zlÃ¼yorum arkadaÅŸlar ,Sat May 27 11:35:43 +0000 2017 ,tr 
Adama saÃ§Ä±mÄ± mavi mi yapsam mor mu yoksa kÄ±zÄ±l mÄ± diyorum gri diyor        ,Sat May 27 11:34:25 +0000 2017 ,tr 
RT  muzolirizm  11 ayÄ±n sultanÄ± ramazan iÃ§in yazdÄ±ÄŸÄ±m epik ÅŸiir  ,Sat May 27 10:18:02 +0000 2017 ,tr 
BU SABAHLARIN BÄ°R ANLAMI OLMALI ,Sat May 27 08:44:30 +0000 2017 ,tr 
RT  nrsnyldrm  Ã‡ocuklarÄ±na tecavÃ¼z edilmesine ses Ã§Ä±karamayan Ã¼lke insanÄ±  ramazan ayÄ±nda sokakta sigara iÃ§erseniz sizi linÃ§ eder  Dikkat eâ€¦ ,Fri May 26 21:29:31 +0000 2017 ,tr 
CanÄ±m sen dÃ¼zenli olarak her gÃ¼n sevgilinle fotoÄŸraf atÄ±yorsun ya bizde dÃ¼zenli olarak her gÃ¼n sana sÃ¶vÃ¼yoruz bil istedim ,Fri May 26 19:38:32 +0000 2017 ,tr 
BazÄ± insanlara bu kadar gerizekalÄ± olmak iÃ§in Ã§aba gÃ¶steriyor musun diye sorasÄ±m geliyor ,Fri May 26 19:36:44 +0000 2017 ,tr 
HALÄ°MDEN BÄ°LMÄ°YOR BEN O YÃ‚RÄ° NEYLEYÄ°M     ,Fri May 26 19:33:14 +0000 2017 ,tr 
Balkonda oturduk Ã§ay eÅŸliÄŸinde gesi baÄŸlarÄ±nÄ± sÃ¶ylÃ¼yoruz harika ,Fri May 26 19:11:05 +0000 2017 ,tr 
Ben bu iÃ§ine atma iÅŸini fazla abarttÄ±m galiba arkadaÅŸlar ,Fri May 26 19:09:52 +0000 2017 ,tr 
Moralimi bozacak bir ÅŸey sÃ¶yler de Ã¼zÃ¼lÃ¼rÃ¼m diye deli gibi aramak istediÄŸin kiÅŸiyi arayamamak    ,Fri May 26 19:08:34 +0000 2017 ,tr 
Serseri olmaya karar verdim ,Fri May 26 19:07:12 +0000 2017 ,tr 
CanÄ±m eski sevgilim benimle dedikodusunu yaptÄ±ÄŸÄ±n o kÄ±zla sevgili olacaÄŸÄ±nÄ± biliyordum orospu Ã§ocuÄŸu ,Fri May 26 19:06:59 +0000 2017 ,tr 
Ben o yiyip yiyip kilo almayan kÄ±zlardanÄ±m kÄ±skanÄ±n sÃ¼rtÃ¼kler          ,Thu May 25 20:43:30 +0000 2017 ,tr 
O deÄŸil de baÅŸÄ± kapalÄ± olup ayaÄŸÄ±na file Ã§orap giyen kÄ±zlar siz ne demek istediniz anlamadÄ±m ben     ,Thu May 25 20:42:29 +0000 2017 ,tr 
RT  disloyaltyy  kanka bana bakÄ±yo mu kanka baksana kanka napÄ±yon kanka Ã§aktÄ±rmadan bak dedik kanka amÄ±na koyim kanka siktirgit ,Thu May 25 19:34:03 +0000 2017 ,tr 
MisafirliÄŸe gittiÄŸimiz evdeki kÃ¼Ã§Ã¼k kÄ±z Ã§ocuÄŸu hiÃ§ sÄ±rnaÅŸma seninle oynamÄ±ycam ğŸ™„ ,Thu May 25 18:10:42 +0000 2017 ,tr 
BugÃ¼n anneme ben evlendim deyip telefonu kapattÄ±m  seni psikoloÄŸa gÃ¶tÃ¼reyim mi diye mesaj atmÄ±ÅŸ AHSJDKDKDKDKFKDKDNDJDJSHAHAHAHSHS ,Thu May 25 18:02:41 +0000 2017 ,tr 
RT  nrsnyldrm  BaÄŸÄ±rÄ±n ulan Ä°zmir in daÄŸlarÄ±nda  Samsun un Bafra sÄ±nda  Konya nÄ±n ovasÄ±nda amÄ±na koyayÄ±m ne kadar AtatÃ¼rk dÃ¼ÅŸmanÄ± varsa  ,Thu May 25 15:50:15 +0000 2017 ,tr 
Sigara iÃ§iyorum dumanÄ±ndan rahatsÄ±z oluyorum fak ,Thu May 25 14:15:02 +0000 2017 ,tr 
Yine  naapsak yeaa Ã§ok sÄ±kÄ±ldÄ±m  saatlerine geldik    ,Thu May 25 14:00:54 +0000 2017 ,tr 
BÃ¼ÅŸra mor saÃ§larÄ±na bakÄ±p mutlu oluyor peki ben neye bakÄ±p mutlu olcam fuck ,Thu May 25 13:55:56 +0000 2017 ,tr 
SÄ±cak bir ÅŸey yiyip aÄŸzÄ±m yandÄ±ÄŸÄ±nda bile BÃ¼ÅŸra ya Ã¼fletiyorum ulan bÄŸÅŸra sen olmasan napardÄ±m ,Thu May 25 13:51:45 +0000 2017 ,tr 
BÃ¼ÅŸranÄ±n ciddi ciddi finansal kÃ¶lesi var inanamÄ±yorum arkadaÅŸlar ,Thu May 25 13:48:51 +0000 2017 ,tr 
Ã‡aÄŸlar bana durup dururken  sen Ã§ok akÄ±llÄ± bir kÄ±zsÄ±n ya  dedi Ã¶lÃ¼yorum da bana mÄ± sÃ¶ylemiyorsunuz noluyor amk ,Thu May 25 13:48:08 +0000 2017 ,tr 
KÄ±zÄ±m omuz atmak nedir varoÅŸ musun ayol ,Thu May 25 13:33:45 +0000 2017 ,tr 
VakÄ±fÄ±n bayÄ±rÄ±ndan geÃ§erken kendimi tren gibi hissediyorum arkdslr    ,Thu May 25 13:23:34 +0000 2017 ,tr 
BazÄ± kÄ±zlar da Ã§ok  anladÄ±k sevgilin var amk  ,Thu May 25 13:22:22 +0000 2017 ,tr 
BazÄ± erkekler Ã§ok  anladÄ±k araban var amk  ,Thu May 25 13:21:48 +0000 2017 ,tr 
KarÅŸÄ± masadaki Ã§ocuk niye burnumu silerken bana bakÄ±yon oÃ§ ,Thu May 25 12:04:39 +0000 2017 ,tr 
Yine saÃ§Ä±mÄ± maÅŸa yapayÄ±m derken gelinin kÄ±z kardeÅŸine dÃ¶ndÃ¼m fak ,Thu May 25 11:14:26 +0000 2017 ,tr 
Demek sevgilin sana kalpli balon aldÄ± ve Ã§ok mutlu oldun Ã§Ã¼nkÃ¼ gerizekalÄ±sÄ±n ,Wed May 24 19:49:59 +0000 2017 ,tr 
Millet sinirlenince arabasÄ±na binip deniz kenarÄ±na gider biz varsa yoksa oda daÄŸÄ±t ,Wed May 24 15:26:56 +0000 2017 ,tr 
Gecenin 4 Ã¼nde Ã§ubuk kraker yedirecek bir ÅŸey var     ,Wed May 24 01:07:02 +0000 2017 ,tr 
Ya benim uykumu kim Ã§aldÄ± ,Wed May 24 01:05:28 +0000 2017 ,tr 
Niksar a dÃ¶ndÃ¼ÄŸÃ¼m iyi oldu yurtta elinde Ã§iÃ§ekle gezen kÄ±zlarÄ± gÃ¶rmekten bÄ±kmÄ±ÅŸtÄ±m zatenğŸ™„ ,Tue May 23 19:51:51 +0000 2017 ,tr 
Liselilerin mezuniyet videolarÄ±nÄ± gÃ¶rmekten bÄ±ktÄ±m artÄ±k yether  sÃ¶zÃ¼m meclisten dÄ±ÅŸarÄ±  ,Tue May 23 19:23:18 +0000 2017 ,tr 
Hani otobÃ¼sle giderken kafanÄ± cama koyuyorsun ve tÄ±ktÄ±ktÄ±ktÄ±k oluyor ya iÄŸrenÃ§ deÄŸil mi ,Tue May 23 15:18:54 +0000 2017 ,tr 
KÄ±sÄ±k sesle Ã§alan mÃ¼zik bende baÅŸ aÄŸrÄ±sÄ± yapÄ±yor canÄ±m fuck ,Tue May 23 14:43:32 +0000 2017 ,tr 
HayatÄ±mda hiÃ§bir ÅŸeyden  mÃ¼ziÄŸin sesini kÄ±s  cÃ¼mlesi kadar nefret etmedim ,Tue May 23 14:43:04 +0000 2017 ,tr 
1 deki otobÃ¼se yer ayÄ±rtÄ±p 5 deki otobÃ¼se zor yetiÅŸen ben    ,Tue May 23 14:31:10 +0000 2017 ,tr 
Bide cam kenarÄ± benim kavgasÄ± yapÄ±yor Ã§irkef ,Tue May 23 14:25:04 +0000 2017 ,tr 
Of yine otobÃ¼ste seydiyle karÅŸÄ±laÅŸtÄ±m bÄ±ktÄ±m bu Ã§ocuktan ,Tue May 23 14:24:53 +0000 2017 ,tr 
Sivas la iÅŸim bitiÄŸine gÃ¶re ilk tivitimi atabilirim selamÄ±n aleykÃ¼m ben geldim ,Tue May 23 14:24:21 +0000 2017 ,tr 
